platform,nama_produk,lokasi,harga
Facebook Marketplace,Sepatu Basket Nb Kawhi 4 *Jual Murah* Manado,Manado,Rp130
Facebook Marketplace,Baru terdaftar 2025 Toyota lainnya Manado,Manado,Rp245.000.000
Facebook Marketplace,Realme 16 5G 8/256 Manado,Manado,Rp1.000.000
Facebook Marketplace,Tanah Kapleng pinggiran kota Manado Manado,Manado,Rp30.000.000
Facebook Marketplace,Baru terdaftar Tumbler Stanley spyderman 1.2 liter 40oz Manado,Manado,Rp300
Facebook Marketplace,Keyboard roland E09.,"Remboken, Sulawesi Utara, Indonesia",Rp1.000.000
Facebook Marketplace,Sepatu Bola/Minisoccer Manado,Manado,Rp999.999
Facebook Marketplace,Crocs Ori Vietnam Classic Manado,Manado,Rp123
Facebook Marketplace,Sepatu,"Remboken, Sulawesi Utara, Indonesia",Rp90
Facebook Marketplace,Sepatu sekolah Manado,Manado,Rp150.000
Facebook Marketplace,PS2 320gb,"Remboken, Sulawesi Utara, Indonesia",Rp650.000
Facebook Marketplace,Pl,"Kawangkoan, Sulawesi Utara, Indonesia",Rp325.000
Facebook Marketplace,sepatu converse hitam Kota Tomohon,Manado,Rp120.000
Facebook Marketplace,Baru terdaftar Converse Cons Louie Lopez Pro 2 Low - Utility Manado,Manado,Rp1.500.000
Facebook Marketplace,TOPI PIALA DUNIA 2026 Manado,Manado,GRATIS
Facebook Marketplace,tv Kota Tomohon,Manado,GRATIS
Facebook Marketplace,VANS AUTHENTIC GOLDEN YELLOW Kota Tomohon,Manado,Rp450.000
Facebook Marketplace,"Sepatu Converse Chuck 70 3V dalam warna Dark Raisin, yang menampilkan desain tiga strap Velcro Manado",Manado,Rp300.000
Facebook Marketplace,Baru terdaftar Arcteryx beanie kupluk abu Manado,Manado,Rp 150
Facebook Marketplace,For sale Rak Manado,Manado,Rp 200.000
Facebook Marketplace,DIKONTRAKAN BANGUNAN USAHA (Baca Deskripsi),"Tondano, Sulawesi Utara, Indonesia",Rp 1.000.000
Facebook Marketplace,OPPO A6c Like New Warna Feather White (RAM 12/128GB) Manado,Manado,Rp 0
Facebook Marketplace,Infinix gt 30pro Manado,Manado,Rp 0
Facebook Marketplace,Rp 55.000.000Rp 60.000.000 2013 Mitsubishi ts 120 Manado,Manado,
Facebook Marketplace,Baru terdaftar 2002 Mitsubishi Lainnya Manado,Manado,Rp 32.500.000
Facebook Marketplace,2026 Toyota Calya Manado,Manado,Rp 3.000.000
Facebook Marketplace,Rp 19.000.000Rp 21.000.000 2023 Nissan mini bus Manado,Manado,
Facebook Marketplace,Motor,"Tenga, Sulawesi Utara, Indonesia",Rp 3.500.000
Facebook Marketplace,2002 Toyota soluna Kota Tomohon,Manado,Rp 25.000.000
Facebook Marketplace,Rp 170.000Rp 220.000 Fantech WGP13S Manado,Manado,
Facebook Marketplace,SONY PLAYSTATION 5 SLIM DISC Manado,Manado,Rp 11.399.000
Facebook Marketplace,PS2 Slim,"Bitung, Sulawesi Utara, Indonesia",Rp 350
Facebook Marketplace,"PS2 matrix, lengkap memori flash,stik satu,","Eris, Sulawesi Utara, Indonesia",Rp 650
Facebook Marketplace,Baru terdaftar IPhone 12 purple,"Belang, Sulawesi Utara, Indonesia",Rp 3.500.000
Facebook Marketplace,infinix gt 30 pro 512gb ram 12+12gb Manado,Manado,Rp 4
Facebook Marketplace,Baru terdaftar Infinix gt 30 pro 8/256 Manado,Manado,Rp 0
Facebook Marketplace,Agya GR 2021 Manual Manado,Manado,Rp 145.000.000
Facebook Marketplace,Rp 400.000Rp 500.000 Vans old skool Manado,Manado,
Facebook Marketplace,Baru terdaftar Sepatu second,"Remboken, Sulawesi Utara, Indonesia",Rp 100
Facebook Marketplace,Baru terdaftar speedcat biru 40-41,"Langowan, Sulawesi Utara, Indonesia",Rp 800
Facebook Marketplace,Adidas Training ZNE Hoodie Original Size S Manado,Manado,Rp 1.000.000
Facebook Marketplace,Adidas Spezial Manado,Manado,Rp 1.100.000
Facebook Marketplace,2 Beds 2 Baths - House,"Tateli, Sulawesi Utara, Indonesia",Rp 249.500.000
Facebook Marketplace,Rumah kayu khas Minahasa Manado,Manado,Rp 45.000.000
Facebook Marketplace,Studio 0 KM - Kota Tomohon,Manado,Rp 3.000
Facebook Marketplace,1 Kamar Tidur 1 Kamar Mandi - Rumah,"Airmadidi, Sulawesi Utara, Indonesia",Rp 100.000.000
Facebook Marketplace,Studio 0 KM - Rumah,"Tateli, Sulawesi Utara, Indonesia",Rp 185.000.000
Facebook Marketplace,1 Kamar Tidur 3 KM - Rumah,"Bitung, Sulawesi Utara, Indonesia",Rp 550.000.000
Facebook Marketplace,Airwalk original size 40 cw,"Tondano, Sulawesi Utara, Indonesia",Rp 190
Facebook Marketplace,Rp 2Rp 35 gitar Ibanez,"Tondano, Sulawesi Utara, Indonesia",
Facebook Marketplace,Drum Manado,Manado,Rp 250
Facebook Marketplace,"Rp 6.500.000Rp 7.000.000 Sound/karaoke..tinggal""on"" Kota Tomohon",Manado,
Facebook Marketplace,Dlms DBvoice deng mic warles Manado,Manado,Rp 1.234.567.890
Facebook Marketplace,Rp 7.500.000Rp 9.500.000 Piano/keyboard elektrik Manado,Manado,
Facebook Marketplace,Gitar bass listrik,"Bitung, Sulawesi Utara, Indonesia",Rp 2.000.000
Facebook Marketplace,Bor cars dan gurinda Kota Tomohon,Manado,Rp 1.234.567.890
Facebook Marketplace,Molen semen,Manado,Rp 111
Facebook Marketplace,Perkakas Manado,Manado,Rp 550
Facebook Marketplace,Rp 1.800.000Rp 2.000.000 Jual Genset ET 2900,"Airmadidi, Sulawesi Utara, Indonesia",
Facebook Marketplace,Rice Cooker,"Tondano, Sulawesi Utara, Indonesia",Rp 1
Facebook Marketplace,Baru terdaftar Cordless Impact Wrench merek Modern dengan tipe M-65 Manado,Manado,Rp 700.000
Facebook Marketplace,Baru terdaftar Infinix GT 30 Pro,"Tondano, Sulawesi Utara, Indonesia",Rp 123.456
Facebook Marketplace,Baru terdaftar PROMO IPHONE FREE ADAPTER DI IBOX MALALAYANG Manado,Manado,Rp 8.999.000
Facebook Marketplace,hp Manado,Manado,Rp 0
Facebook Marketplace,"Samsung a56,8/256 Kota Tomohon",Manado,Rp 999.999.999.999
Facebook Marketplace,Hp Manado,Manado,Rp 750.000
Facebook Marketplace,Samsung Galaxy A37 5G 8/128 Manado,Manado,Rp 5.500.000
Facebook Marketplace,HP tecno common 40,"Tumpaan, Sulawesi Utara, Indonesia",Rp 200.000
Facebook Marketplace,Speaker Manado,Manado,Rp 400
Facebook Marketplace,Printer DTF,"Ratahan, Sulawesi Utara, Indonesia",Rp 65
Facebook Marketplace,PC Intel Core i5 12400F | RTX 3050 Manado,Manado,Rp 8.900.000
Facebook Marketplace,Sound karoke Manado,Manado,Rp 3.750.000
Facebook Marketplace,BELI PLAYSTATION RUSAK Manado,Manado,Rp 25.000
Facebook Marketplace,Mobil mini thn 2017 lengkap surat BPKB STNK,"Tondano, Sulawesi Utara, Indonesia",Rp 55.000.000
Facebook Marketplace,Infinix smart 7,"Eris, Sulawesi Utara, Indonesia",Rp 600
Facebook Marketplace,Converse borongan Manado,Manado,Rp 125.000
Facebook Marketplace,"HOTWHEELS,MINI GT, POP RACE Manado",Manado,Rp 12
Facebook Marketplace,Gantungan kunci reket padel,"Airmadidi, Sulawesi Utara, Indonesia",Rp 15.000
Facebook Marketplace,Baru terdaftar Boneka Beranak Promo 17 Agustus Manado,Manado,Rp 4
Facebook Marketplace,Jual Tamiya Mini 4WD,"Airmadidi, Sulawesi Utara, Indonesia",Rp 111.111
Facebook Marketplace,Champiro sx2 195/50 R15 NIK 2024 mines sesuai foto jual 650rb,"Bitung, Sulawesi Utara, Indonesia",Rp 650.000
Facebook Marketplace,Keyboard YAMAHA SX700,"Tondano, Sulawesi Utara, Indonesia",Rp 1.234.567.890
Facebook Marketplace,Tv,"Bitung, Sulawesi Utara, Indonesia",Rp 450
Facebook Marketplace,Hdd external 320gb for ps2 260 game,"Langowan, Sulawesi Utara, Indonesia",Rp 375.000
Facebook Marketplace,REDMI HEADPHONE NEO Tompaso,Manado,Rp 750.000
Facebook Marketplace,Komputer Office Manado,Manado,Rp 1
Facebook Marketplace,Baru terdaftar Gitar klasik Yamaha C315 lengkap tas Manado,Manado,Rp 650
Facebook Marketplace,TV DIGITAL SHARP 43 INCH Manado,Manado,Rp 111
Facebook Marketplace,Honda beat eco tahun 2019,"Remboken, Sulawesi Utara, Indonesia",Rp 4.000.000
Facebook Marketplace,jersey Brazil Home Manado,Manado,Rp 55.000
Facebook Marketplace,2021 Daihatsu GramMax acps Manado,Manado,Rp 45.000.000
Facebook Marketplace,pc dan monitor,"Airmadidi, Sulawesi Utara, Indonesia",Rp 10
Facebook Marketplace,PS 4 SLIM ORIGINAL (0895421708245) Manado,Manado,Rp 2.950.000
Facebook Marketplace,Rp 20.000.000Rp 23.000.000 Honda CBR 150 CC,"Bitung, Sulawesi Utara, Indonesia",
Facebook Marketplace,2016 Yamaha R25 Manado,Manado,Rp 3.000.000
Facebook Marketplace,1996 Nissan terrano,Manado,Rp 27.000.000
Facebook Marketplace,Rp 6.000.000Rp 7.500.000 IPHONE 13 PRO 128gb - INTER Manado,Manado,
Facebook Marketplace,Rp 275.000.000Rp 350.000.000 Perum malalayang LT 120m2 Sertifikat Manado,Manado,
Facebook Marketplace,Rice Cooker,"Tondano, Sulawesi Utara, Indonesia",Rp 1
Facebook Marketplace,Laptop acer 14 inch besar Manado,Manado,Rp 17
Facebook Marketplace,Speaker Harman Kardon onyx 4 Manado,Manado,Rp 111
Facebook Marketplace,ipad pink (A16) gen 11 128 wifi Manado,Manado,Rp 294.680.496.256
Facebook Marketplace,Baru terdaftar 2003 Daihatsu Luxio Manado,Manado,Rp 17.500.000
Facebook Marketplace,2002 Mitsubishi lainnya Manado,Manado,Rp 32.500.000
Facebook Marketplace,2009 Daihatsu Luxio,"Bitung, Sulawesi Utara, Indonesia",Rp 100.000.000
Facebook Marketplace,1996 Toyota Toyota Kijang,"Tondano, Sulawesi Utara, Indonesia",Rp 22.500.000
Facebook Marketplace,Baru terdaftar Avanza+s1.+5++2008+bpkb+faktur+fk+ktp+only+mines+pajak+off+stnk+ilang+,"Remboken, Sulawesi Utara, Indonesia",Rp 55.000.000
Facebook Marketplace,Baru terdaftar INFINIX NOTE 60 PRO 5G,"Kawangkoan, Sulawesi Utara, Indonesia",Rp 5
Facebook Marketplace,1981 Toyota Landcruiser,"Ratahan, Sulawesi Utara, Indonesia",Rp 150.888.000
Facebook Marketplace,iPad Gen 11 (A16) 128gb inter Manado,Manado,Rp 5.850.000
Facebook Marketplace,Ready Unit gass booking sekarang Kota Tomohon,Manado,Rp 170
Facebook Marketplace,Ps2 Manado,Manado,Rp 450
Facebook Marketplace,Iphone 15pm lock icloud wifi only Manado,Manado,Rp 5.000.000
Facebook Marketplace,Luas 1500m2. Manado,Manado,Rp 425.000.000
Facebook Marketplace,Samsung Galaxy tab a9 Manado,Manado,Rp 1.700
Facebook Marketplace,Infinix note 50 pro Kota Tomohon,Manado,Rp 0
Facebook Marketplace,2015 Yamaha XEON GT 125 Manado,Manado,Rp 5.000.000
Facebook Marketplace,2001 Suzuki Carry,"Remboken, Sulawesi Utara, Indonesia",Rp 39.000.000
Facebook Marketplace,2024 MG Suv Manado,Manado,Rp 285.000.000
Facebook Marketplace,Sepatu Manado,Manado,Rp 180
Facebook Marketplace,Baru terdaftar Sepatu ORI Kota Tomohon,Manado,Rp 1.234.567
Facebook Marketplace,2006 Toyota Yaris Manado,Manado,Rp 18.000.000
Facebook Marketplace,Mainan pistol kokang Manado,Manado,Rp 0
Facebook Marketplace,Ban Ring17 Manado,Manado,Rp 3.000.000
Facebook Marketplace,Baru terdaftar Sepatu Vans no.36-37 Manado,Manado,Rp 100
Facebook Marketplace,2023 Kawasaki Ninja Manado,Manado,Rp 100.000.000
Facebook Marketplace,STIHL CHAINSAW TIPE MS 182/16 INCI PANJANG BAR 40 CM. Manado,Manado,Rp 123
Facebook Marketplace,2 KT 1 Kamar Mandi - Rumah,"Wori, Sulawesi Utara, Indonesia",Rp 35.000.000
Facebook Marketplace,Baru terdaftar HEALS LIKE NEW Manado,Manado,Rp 150.000
Facebook Marketplace,Drone DJI Mavic platinum pro Manado,Manado,Rp 3.250.000
Facebook Marketplace,Sulam Alis PROMO 299K (tinggal 11 Hari Lagi)‼️,"Bitung, Sulawesi Utara, Indonesia",Rp 299.999
Facebook Marketplace,JUAL SPATU ORI SECOND MURAH Manado,Manado,Rp 250.000
Facebook Marketplace,Kursi kantor Manado,Manado,Rp 0
Facebook Marketplace,Baru terdaftar Hp oppo Manado,Manado,Rp 500
Facebook Marketplace,Rollbar grand max Manado,Manado,Rp 3.500.000
Facebook Marketplace,Baru terdaftar KYT Striker Black Glossy L (Second Hand),"Tondano, Sulawesi Utara, Indonesia",Rp 1
Facebook Marketplace,2023 Benelli Klasik Manado,Manado,Rp 22.000.000
Facebook Marketplace,2026 Suzuki Carry,Manado,Rp 13.000.000
Facebook Marketplace,Baru terdaftar Jersey Piala Dunia 2026 Manado,Manado,Rp 135.000
Facebook Marketplace,Jersey argentina Manado,Manado,Rp 95
Facebook Marketplace,2013 Honda CR-Z,"Langowan, Sulawesi Utara, Indonesia",Rp 335.000.000
Facebook Marketplace,1991 Suzuki Jimny Manado,Manado,Rp 75.000.000
Facebook Marketplace,Baru terdaftar Tanah+ Manado,Manado,Rp 21.000.000
Facebook Marketplace,Baru terdaftar Jual Lenovo 8giga 14 inch masih ada samua sampe dos Manado,Manado,Rp 12
Facebook Marketplace,2026 Monster Snapan Manado,Manado,Rp 55.000.000
Facebook Marketplace,Baru terdaftar UK. 120cm single Kasur inthebox springbed Manado,Manado,Rp 1
Facebook Marketplace,Kebun Cengkeh + Kayu,"Langowan, Sulawesi Utara, Indonesia",Rp 59.000.000
Facebook Marketplace,Sepatu Gunung Eiger Pollock 2.0,"Kawangkoan, Sulawesi Utara, Indonesia",Rp 1.234
Facebook Marketplace,2 KT 1 Kamar Mandi - Rumah Manado,Manado,Rp 8.500.000
Facebook Marketplace,iPad Gen 10 64GB Manado,Manado,Rp 1.234.567.890
Facebook Marketplace,Perkakas kerja,"Tondano, Sulawesi Utara, Indonesia",Rp 0
Facebook Marketplace,Baru terdaftar Heels putih brand C K (37) Cek deskripsi Manado,Manado,Rp 300.000
Facebook Marketplace,Redmi Note 10s Ram;8+5/128GB,"Bitung, Sulawesi Utara, Indonesia",Rp 0
Facebook Marketplace,2015 Honda Jazz Kota Tomohon,Manado,Rp 179.000.000
Facebook Marketplace,Jeep 4x4,"Tondano, Sulawesi Utara, Indonesia",Rp 45.000.000
Facebook Marketplace,2018 Honda Civic Manado,Manado,Rp 30.000.000
Facebook Marketplace,Yonex Astrox 99 pro original Manado,Manado,Rp 1.200
Facebook Marketplace,CPU ONLY,"Amurang, Sulawesi Utara, Indonesia",Rp 3.100.000
Facebook Marketplace,amplifier Manado,Manado,Rp 2
Facebook Marketplace,PENGEN PUNYA BAJU TIM FAVORIT TAPI JERSEY TERLALU MAHAL?‼️ Manado,Manado,Rp 80.000
Facebook Marketplace,Sapa tau ada yg perlu.. Manado,Manado,Rp 50.000
Facebook Marketplace,Cutingstiker,"Tateli, Sulawesi Utara, Indonesia",Rp 123.456
Facebook Marketplace,Cod kawangkoan,"Kawangkoan, Sulawesi Utara, Indonesia",Rp 0
Facebook Marketplace,Baru terdaftar subwoofer prokick aktive Manado,Manado,Rp 123.456
Facebook Marketplace,2023 KOMATSU PC 200 Manado,Manado,Rp 975.000.000
Facebook Marketplace,Sofa blackberry coklat 321 Manado,Manado,Rp 1.234
Facebook Marketplace,Koi set,"Tondano, Sulawesi Utara, Indonesia",Rp 10
Facebook Marketplace,Emas 700 Manado,Manado,Rp 123.456
Facebook Marketplace,Baru terdaftar Hp oppo Manado,Manado,Rp 450
Facebook Marketplace,Lampu biled dan pemasangan Manado,Manado,Rp 150.000
Facebook Marketplace,Wifi Tanpa Perlu Tarik Kabel🔥 Manado,Manado,Rp 499
Facebook Marketplace,DIJUAL AC AQUA 1/2 PK Manado,Manado,Rp 1
Facebook Marketplace,Rp 8.200Rp 123.456 Dji Lito X1,"Tondano, Sulawesi Utara, Indonesia",
Facebook Marketplace,Tv Sharp smart tv 43 inchi,"Bitung, Sulawesi Utara, Indonesia",Rp 2.500.000
Facebook Marketplace,2019 Yamaha Byson Manado,Manado,Rp 40.000.000
Facebook Marketplace,Spion Sigra Calya 1.2 Manado,Manado,Rp 16
Facebook Marketplace,1996 Honda Civic,"Langowan, Sulawesi Utara, Indonesia",Rp 58.000.000
Facebook Marketplace,"Rp 999.999Rp 1.200.000 Intel i5 9600k LGA 1151 6 Cores up to 4.6GHz Turbo Unlocked (ada iGPU, nda perlu VGA)","Tondano, Sulawesi Utara, Indonesia",
Facebook Marketplace,2025 Toyota Fortuner Manado,Manado,Rp 15.000.000
Facebook Marketplace,Jaket Jeans STUSSY Second Original ✅ Manado,Manado,Rp 0
Facebook Marketplace,velg r16 ce28 lebar 7 et 40 doublepcd 4x100/114 setban 205/50/16 sx2 Manado,Manado,Rp 123
Facebook Marketplace,Barang Manado,Manado,Rp 1.111.111
Facebook Marketplace,Rp 6Rp 9 Gimbal stabilizer Manado,Manado,
Facebook Marketplace,IMPACT WRENCH DAGMARA 330NM Manado,Manado,Rp 525
Facebook Marketplace,Custom booth Manado,Manado,Rp 1.234.567.890
Facebook Marketplace,1991 Suzuki Jimny,"Tombatu, Sulawesi Utara, Indonesia",Rp 73.000.000
Facebook Marketplace,Baru terdaftar meja pingpong full set gratis ongkir Manado,Manado,Rp 2
Facebook Marketplace,Drone Dji Mavic 3 Clasik Manado,Manado,Rp 123.456
Facebook Marketplace,Hp iphone 11 64Gb,"Bitung, Sulawesi Utara, Indonesia",Rp 3.200.000
Facebook Marketplace,Power,"Tondano, Sulawesi Utara, Indonesia",Rp 750
Facebook Marketplace,1995 Daihatsu Taff hailen Manado,Manado,Rp 1.234.567.891
Facebook Marketplace,Rp 25.000.000Rp 45.000.000 2026 ISUZU TRAGA PICKUP ANGSURAN 7 JTan bunga murah asuransi alrisk kombinasi Manado,Manado,
Facebook Marketplace,Rumah Kharisma Koka Teling Manado,Manado,Rp 290.000.000
Facebook Marketplace,2 Beds 1 Bath - House Manado,Manado,Rp 25.000.000
Facebook Marketplace,Baru terdaftar Laptop HP warna Putih 14inch RAM 8GB Manado,Manado,Rp 1
Facebook Marketplace,Polytron PMA 9523 Manado,Manado,Rp 500
Facebook Marketplace,Toyota Calya 2017 Manado,Manado,Rp 123
Facebook Marketplace,2016 Datsun GO Manado,Manado,Rp 25.000.000
Facebook Marketplace,Rp 95.123.459Rp 100.123.456 1980 Volkswagen combi Manado,Manado,
Facebook Marketplace,ipad gen 11 128gb Manado,Manado,Rp 6.000.000
Facebook Marketplace,1990 Honda Civic,"Airmadidi, Sulawesi Utara, Indonesia",Rp 48.000.000
Facebook Marketplace,Rp 4.000.000Rp 5.000.000 2026 Daihatsu GranMax 1.5,"Tondano, Sulawesi Utara, Indonesia",
Facebook Marketplace,Baru terdaftar AMPLI CORT CM20B Manado,Manado,Rp 14
Facebook Marketplace,Rp 14.999.999Rp 26.000.000 2026 Daihatsu GranMax 1.5,"Tondano, Sulawesi Utara, Indonesia",
Facebook Marketplace,2026 SUNWARD swe80e9 Manado,Manado,Rp 70.000.000
Facebook Marketplace,COD) (FREE ONGKIR) PROMO SOFA RETRO MINIMALIS TERMURAH MANADO Manado,Manado,Rp 1
Facebook Marketplace,Jual seng bekas for atap Manado,Manado,Rp 35.000
Facebook Marketplace,Honda Stylo ABS 2024 Manado,Manado,Rp 0
Facebook Marketplace,"kemeja uk XL, byr jo smua 50rb","Tateli, Sulawesi Utara, Indonesia",Rp 50.000
Facebook Marketplace,2020 Honda Jazz,"Kawangkoan, Sulawesi Utara, Indonesia",Rp 25.000.000
Facebook Marketplace,Kompresor Manado,Manado,Rp 111
Facebook Marketplace,Mode Wifi Huawei Manado,Manado,Rp 1.100.000
Facebook Marketplace,Audio Manado,Manado,Rp 120.000
Facebook Marketplace,Js guitar nova2 likenew fullset dos dari toko Manado,Manado,Rp 4.850.000
Facebook Marketplace,Rp 7.500.000Rp 9.500.000 Piano/keyboard elektrik Manado,Manado,
Facebook Marketplace,Spiker Tiang Aktif aktif 450wat x2 Manado,Manado,Rp 6.800.000
Facebook Marketplace,Rp 111.111Rp 4.500.000 LCD Proyektor Epson Murah Manado,Manado,
Facebook Marketplace,Iphone 16 promax Manado,Manado,Rp 123.456.789
Facebook Marketplace,Baru terdaftar BLOUSE CROP Manado,Manado,Rp 85.000
Facebook Marketplace,SHOWCASE Manado,Manado,Rp 123.456
Facebook Marketplace,1997 Nissan Terra Manado,Manado,Rp 25.000.000
Facebook Marketplace,Baru terdaftar 2012 Ninja 2T,Manado,Rp 7
Facebook Marketplace,Kebun so ada telaga Manado,Manado,Rp 170.000.000
Facebook Marketplace,Baru terdaftar Kabel Manado,Manado,Rp 750
Facebook Marketplace,Baru terdaftar Paketan Parled + Stand Kota Tomohon,Manado,Rp 123
Facebook Marketplace,blower api Manado,Manado,Rp 225
Facebook Marketplace,Printer Manado,Manado,Rp 350.000
Facebook Marketplace,Jersey peemium world cup 2026 MDC Manado,Manado,Rp 85.000
Facebook Marketplace,"Predator bogel 500 cc pemakaian 1bulan, jual samua sesuai foto","Ratahan, Sulawesi Utara, Indonesia",Rp 123.456
Facebook Marketplace,Prokick subwoofer kolong Manado,Manado,Rp 1
Facebook Marketplace,Baru terdaftar Velg CP035 RING 15 Kota Tomohon,Manado,Rp 3.750.000
Facebook Marketplace,Jersey Argentina,"Amurang, Sulawesi Utara, Indonesia",Rp 300.000
Facebook Marketplace,Gitar Yamaha... Manado,Manado,Rp 300.000
Facebook Marketplace,2014 Yamaha Byson Manado,Manado,Rp 3.000.000
Facebook Marketplace,PC GAMING DAN EDITING FULLSET PEMAKAIAN BARU 4 BULAN Kota Tomohon,Manado,Rp 15
Facebook Marketplace,2013 Toyota RUSH 1.5 S MT 2013,"Kakas, Sulawesi Utara, Indonesia",Rp 15.850.000
Facebook Marketplace,1997 Daihatsu Feroza 97 Manado,Manado,Rp 45.000.000
Facebook Marketplace,2016 Kawasaki Ninja Manado,Manado,Rp 28.000.000
Facebook Marketplace,Gitar bass listrik,"Bitung, Sulawesi Utara, Indonesia",Rp 2.000.000
Facebook Marketplace,2 Beds 1 Bath - House Manado,Manado,Rp 25.000.000
Facebook Marketplace,Baru terdaftar Blender Silent Getra Manado,Manado,Rp 1.200.000
Facebook Marketplace,Baru terdaftar Laptop Acer Aspire 314-36p Manado,Manado,Rp 3.500.000
Facebook Marketplace,Baru terdaftar Cars type C 45watt ORI bwhan hp cpt sx ba isi Manado,Manado,Rp 100
Facebook Marketplace,Lemari Piring Alumunium,"Wori, Sulawesi Utara, Indonesia",Rp 800.000
Facebook Marketplace,mesin press,"Bitung, Sulawesi Utara, Indonesia",Rp 1.345.678
Facebook Marketplace,Kulkas 1 pintu merek aqua Bekas Mulus Dingin Normal Manado,Manado,Rp 150.000
Facebook Marketplace,Baru terdaftar aerox new 2022 stnk only Manado,Manado,Rp 1.243.546
Facebook Marketplace,2013 Toyota Hilux,"Langowan, Sulawesi Utara, Indonesia",Rp 22.000.000
Facebook Marketplace,Transistor 20 set Manado,Manado,Rp 0
Facebook Marketplace,Set stelan Manado,Manado,Rp 100
Facebook Marketplace,2020 Daihatsu Sirion Tipe Tertinggi Manado,Manado,Rp 17.000.000
Facebook Marketplace,Capung 702 batik,Manado,Rp 550
Facebook Marketplace,Menerima Pesanan ✅ Sesuai Permintaan Model & Ukuran. * Rumah Tinggal * Gazebo * Tempat Santai * Vil Kota Tomohon,Manado,Rp 123
Facebook Marketplace,Baru terdaftar Printer Manado,Manado,Rp 500.000
Facebook Marketplace,Amplifier TOA ZA-1025 Manado,Manado,Rp 450.000
Facebook Marketplace,2018 Honda Civic Manado,Manado,Rp 35.000.000
Facebook Marketplace,Printer Manado,Manado,Rp 1.100.000
Facebook Marketplace,Yamaha F310P Manado,Manado,Rp 111.111.111
Facebook Marketplace,PC ONLY,"Remboken, Sulawesi Utara, Indonesia",Rp 4.500.000
Facebook Marketplace,1995 Kijang grand Mini bus Manado,Manado,Rp 123.456.789
Facebook Marketplace,Spiker pasif 8 inch Manado,Manado,Rp 200
Facebook Marketplace,Baru terdaftar GUNDAM HG GQuuuuuuX (BNIB) Manado,Manado,Rp 350
Facebook Marketplace,Yamaha YZ 125cc Tahun 2024 full option Manado,Manado,Rp 95
Facebook Marketplace,Baru terdaftar Crop Manado,Manado,Rp 25
Facebook Marketplace,"Baru terdaftar Speker center aiwa 3"" Manado",Manado,Rp 150
Facebook Marketplace,2 KT 0 KM - Rumah Manado,Manado,Rp 3.150.000
Facebook Marketplace,Baru terdaftar Nmax new 2021 Manado,Manado,Rp 123
Facebook Marketplace,Baru terdaftar Rokcel Olahraga ada kantong di dalam Manado,Manado,Rp 90
Facebook Marketplace,Baru terdaftar HELM AGV ORI Manado,Manado,Rp 25
Facebook Marketplace,"Baru terdaftar Jual tanah (SHM) dekat jalan.Isi : mata air telaga 9,durian,duku,cengkeh,kelapa + penerangan/listrik Manado",Manado,Rp 850.000.000
Facebook Marketplace,1997 Yamaha YT Manado,Manado,Rp 0
Facebook Marketplace,Kipas model AC Manado,Manado,Rp 123
Facebook Marketplace,HONDA BRIO TERBAIK DI NASIONAL 2024 Manado,Manado,Rp 19.000.000
Facebook Marketplace,Baru terdaftar Ready sepatu PDL TNI uk 40 & 41 Manado,Manado,Rp 1
Facebook Marketplace,1990 Honda Civic,"Airmadidi, Sulawesi Utara, Indonesia",Rp 12.345.678
Facebook Marketplace,Dijual Yamaha RX-King,"Remboken, Sulawesi Utara, Indonesia",Rp 5.000.000
Facebook Marketplace,Baru terdaftar SENSOR STIHL Manado,Manado,Rp 123
Facebook Marketplace,Baru terdaftar Impact isku 350 nm Manado,Manado,Rp 370
Facebook Marketplace,Rx king,"Ratahan, Sulawesi Utara, Indonesia",Rp 4.750.000
Facebook Marketplace,1979 Toyota Landcruiser,"Motoling, Sulawesi Utara, Indonesia",Rp 180.000.000
Facebook Marketplace,jual pangal suzuki satria 2 tak hiu lumba ru lscm,"Airmadidi, Sulawesi Utara, Indonesia",Rp 123.456
Facebook Marketplace,Baru terdaftar Padel Equipment Manado,Manado,Rp 35.000
Facebook Marketplace,Mixer Yamaha 12 Chanel Kota Tomohon,Manado,Rp 25
Facebook Marketplace,2013 Toyota 4Runner,"Tombatu, Sulawesi Utara, Indonesia",Rp 210.000.000
Facebook Marketplace,Spiker 15 inch +box planar,"Tumpaan, Sulawesi Utara, Indonesia",Rp 123
Facebook Marketplace,Ampli rusak se harga jo Manado,Manado,Rp 50
Facebook Marketplace,Mesin genset+stafol Manado,Manado,Rp 0
Facebook Marketplace,Baru setiap hari Manado,Manado,Rp 123
Facebook Marketplace,2023 Yamaha Mio m3 Manado,Manado,Rp 123.456
Facebook Marketplace,Baru terdaftar Skop pasir kucing Manado,Manado,Rp 0
Facebook Marketplace,BILIARD READY SIAP ANTAR,"Eris, Sulawesi Utara, Indonesia",Rp 2.500
Facebook Marketplace,velk ce 28 Manado,Manado,Rp 5.200.000
Facebook Marketplace,Npa veleg palang 1cri tukar doi jo,"Tombatu, Sulawesi Utara, Indonesia",Rp 300
Facebook Marketplace,Baru terdaftar 2021 Mitsubishi Xpander Manado,Manado,Rp 215.000.000
Facebook Marketplace,Gurinda Manado,Manado,Rp 0
Facebook Marketplace,iphone 11 Kota Tomohon,Manado,Rp 2.500.000
Facebook Marketplace,Google tv aqous 32 inc Manado,Manado,Rp 1.700.000
Facebook Marketplace,Baru terdaftar 2026 Daihatsu Granmax pick up Manado,Manado,Rp 10.800.000
Facebook Marketplace,iPhone 15 Blue 128 Jual cepat Manado,Manado,Rp 10.000.000
Facebook Marketplace,Mesin cb 150 old thailand,"Tateli, Sulawesi Utara, Indonesia",Rp 12.345.678
Facebook Marketplace,Baru terdaftar Knalpot,"Bitung, Sulawesi Utara, Indonesia",Rp 123.456
Facebook Marketplace,Baru terdaftar Tuna,"Bitung, Sulawesi Utara, Indonesia",Rp 40.000
Facebook Marketplace,2023 Honda Beat,"Bitung, Sulawesi Utara, Indonesia",Rp 7.000.000
Facebook Marketplace,Baru terdaftar 3 Beds 2 Baths - House Manado,Manado,Rp 280.000.000
Facebook Marketplace,Rp 800.000Rp 900.000 Modem nokia 5g Manado,Manado,
Facebook Marketplace,Rp 0Rp 1.500.000 Mini PC Manado,Manado,
Facebook Marketplace,laptop,"Eris, Sulawesi Utara, Indonesia",Rp 0
Facebook Marketplace,"spiker 15 inc,Acr 500 wat,,skalian dgn box doubel,4 biji spiker","Ratahan, Sulawesi Utara, Indonesia",Rp 1
Facebook Marketplace,Baru terdaftar Menjual perlengkapan sekolah Manado,Manado,Rp 12.345.467.096
Facebook Marketplace,Rp 0Rp 12.345.678 2022 Daihatsu Rocky Manado,Manado,
Facebook Marketplace,Dress hitam (Size s-m) Manado,Manado,Rp 70.000
Facebook Marketplace,1992 Honda Civic,"Kauditan, Sulawesi Utara, Indonesia",Rp 45.000.000
Facebook Marketplace,bagi yang tau barang jo,"Bitung, Sulawesi Utara, Indonesia",Rp 700.000
Facebook Marketplace,Tabung gas 3kg kosong Manado,Manado,Rp 250
Facebook Marketplace,Baru terdaftar 8 KT 8 KM - Kota Tomohon,Manado,Rp 8
Facebook Marketplace,2002 Suzuki Carry Manado,Manado,Rp 0
Facebook Marketplace,Rp 400.000Rp 700.000 Printer CANON MG 25070s Manado,Manado,
Facebook Marketplace,JERSEY ARGENTINA HOME GRADE ORI Manado,Manado,Rp 300.000
Facebook Marketplace,mini dress sh3in petite Manado,Manado,Rp 75.000
Facebook Marketplace,Kipas Manado,Manado,Rp 0
Facebook Marketplace,Yang mau variasi oto mau pasang bemper roll bar rakruf minat alamat Manado telling Manado,Manado,Rp 123.456
Facebook Marketplace,Baru terdaftar JASA INSTAL APLIKASI CHANEL TV PREMIUM Manado,Manado,Rp 150.000
Facebook Marketplace,Baru terdaftar Dekorasi Ulang Tahun Manado,Manado,Rp 550.000
Facebook Marketplace,Di jual mesin tempel 15 pk yamaha,"Bitung, Sulawesi Utara, Indonesia",Rp 123.456.789
Facebook Marketplace,POCO X7 PRO 8GB 256RAM GB Kota Tomohon,Manado,Rp 0
Facebook Marketplace,"Baru terdaftar pen tab,drawing pad Manado",Manado,Rp 300.000
Facebook Marketplace,Fizr Manado,Manado,Rp 1.234
Facebook Marketplace,Baru terdaftar 2018 Honda Brio Manado,Manado,Rp 17.000.000
Facebook Marketplace,Laptop axioo lenovo minus baatrei dan cars,"Tateli, Sulawesi Utara, Indonesia",Rp 500.000
Facebook Marketplace,3 Beds 2 Baths - House Manado,Manado,Rp 123.456.789
Facebook Marketplace,Makanan,"Airmadidi, Sulawesi Utara, Indonesia",Rp 2.000
Facebook Marketplace,Crf 2024/12 pem 2025,"Tateli, Sulawesi Utara, Indonesia",Rp 24
Facebook Marketplace,1997 Nissan Terra,"Tateli, Sulawesi Utara, Indonesia",Rp 38.000.000
Facebook Marketplace,Modem wifi Manado,Manado,Rp 123
Facebook Marketplace,Makanan Manado,Manado,Rp 123
Facebook Marketplace,1 Set PC bisa gaming Manado,Manado,Rp 3.350.000
Facebook Marketplace,2020 Lenso Raiden Velg & Ban Ban Good Year Assurance Kota Tomohon,Manado,Rp 5.500.000
Facebook Marketplace,"Agya TRD S, ""GR"" 2021","Tateli, Sulawesi Utara, Indonesia",Rp 12.345.678
Facebook Marketplace,2026 Perahu body Body ful fiber,"Bitung, Sulawesi Utara, Indonesia",Rp 60
Facebook Marketplace,Baru terdaftar INSTA360 x3 Manado,Manado,Rp 42
Facebook Marketplace,Baru terdaftar LG 43 LED Manado,Manado,Rp 1.950
Facebook Marketplace,Yg perlu jo,"Bitung, Sulawesi Utara, Indonesia",Rp 200
Facebook Marketplace,Perkakas Manado,Manado,Rp 550
Facebook Marketplace,iphone 14 pro 128 gb IBOX Manado,Manado,Rp 11.000.000
Facebook Marketplace,Baru terdaftar 2019 Wuling Confero L Double blower mt 69jt Manado,Manado,Rp 69.000.000
Facebook Marketplace,2 beds 1 bathroom – House Manado,Manado,Rp 650.000.000
Facebook Marketplace,"NEW TABLET MINI "" HUAWEI MATEPAD MINI "" Free Pencil dan Free Volio Cover 📍Erafone Paal Dua Manado",Manado,Rp 123
Facebook Marketplace,Asus Gaming 15inch Core i7 Ram 12GB SSD + HDD WINDOWS 11 APP MULIMEDIA GAMING READY NVIDIA 4GB Manado,Manado,Rp 1.111.111
Facebook Marketplace,Cpu Only,"Airmadidi, Sulawesi Utara, Indonesia",Rp 123
Facebook Marketplace,Canon EOS R50 RF-S 18-45mm F4.5-6.3 IS STM KIT Kota Tomohon,Manado,Rp 123.456.789
Facebook Marketplace,2019 Honda Brio Manado,Manado,Rp 25.000.000
Facebook Marketplace,Jual Drum elektrik Nokku XD460 dn kelengkapan audio recording Manado,Manado,Rp 14.000.000
Facebook Marketplace,Rp 0Rp 300.000 IEM Earphone Kinera Wyvern Black 10mm LCP dynamic driver Manado,Manado,
Facebook Marketplace,Baru terdaftar Jual Ayam Bangkok Manado,Manado,Rp 123
Facebook Marketplace,sensor STIHL mini lengkap Manado,Manado,Rp 0
Facebook Marketplace,Jendela lengkung Manado,Manado,Rp 90
Facebook Marketplace,Bebek Kota Tomohon,Manado,Rp 0
Facebook Marketplace,"PC GAMING!!!!! (GAMING, STREAMING, DESIGN) Manado",Manado,Rp 17.000.000
Facebook Marketplace,2024 Honda Vario 160 Manado,Manado,Rp 10.000.000
Facebook Marketplace,2013 Toyota Vios Manado,Manado,Rp 74.000.000
Facebook Marketplace,Mesin kubota + mesin ctk fullbrik Manado,Manado,Rp 12.000.000
Facebook Marketplace,Rp 6.000.000Rp 7.000.000 Jual cepat RX-King,"Langowan, Sulawesi Utara, Indonesia",
Facebook Marketplace,Infinix smart 10,"Belang, Sulawesi Utara, Indonesia",Rp 1
Facebook Marketplace,PC/CPU ONLY I3 GEN 12/RTX 2060 SUPER 8 GB AFOX Manado,Manado,Rp 8.000.000
Facebook Marketplace,Baru terdaftar Crop,"Eris, Sulawesi Utara, Indonesia",Rp 25.000
Facebook Marketplace,Hotwheels 3 pcs Manado,Manado,Rp 260.000
Facebook Marketplace,Baru terdaftar Header mobil,"Eris, Sulawesi Utara, Indonesia",Rp 550
Facebook Marketplace,Baru terdaftar Bor jadi gergaji Manado,Manado,Rp 80.000
Facebook Marketplace,2025 Viber Pelang,"Bitung, Sulawesi Utara, Indonesia",Rp 65.000.000
Facebook Marketplace,(COD) (FREE ONGKIR) LEMARI BESI 2 PINTU PAKAIAN TERMURAH MANADO,"Airmadidi, Sulawesi Utara, Indonesia",Rp 0
Facebook Marketplace,Ready siap antar tenis meja lipat harga terjangkau kwalitas mantap minat inbox wa 085756970136,"Eris, Sulawesi Utara, Indonesia",Rp 123
Facebook Marketplace,Rp 475.000Rp 500.000 Casing Pc Cube Gaming Grande ATX Besar Manado,Manado,
Facebook Marketplace,Mantel,"Remboken, Sulawesi Utara, Indonesia",Rp 100
Facebook Marketplace,Keyboard yamaha Psr 970 s Manado,Manado,Rp 9.000.000
Facebook Marketplace,Perahu Fiber Manado,Manado,Rp 8
Facebook Marketplace,1997 MERSI sedan mersi Kota Tomohon,Manado,Rp 50.000.000
Facebook Marketplace,Baru terdaftar Spiker Manado,Manado,Rp 123.456.789
Facebook Marketplace,2 KT 0 KM - Rumah Manado,Manado,Rp 3.000.000
Facebook Marketplace,Rp 30.000.000Rp 45.000.000 2015 Toyota Fortuner Manado,Manado,
Facebook Marketplace,Baru terdaftar Aki Baru NS 40. 32 Ah Incoe Manado,Manado,Rp 575
Facebook Marketplace,Hp,"Bitung, Sulawesi Utara, Indonesia",Rp 123
Facebook Marketplace,Rp 35.000.000Rp 40.000.000 1997 Suzuki Sidekick Manado,Manado,
Facebook Marketplace,Rp 100.123.456Rp 105.123.456 1974 Volkswagen combi Manado,Manado,
Facebook Marketplace,Di jual 1 kali Speaker & layar Android 9 inc Kota Tomohon,Manado,Rp 1.750.000
Facebook Marketplace,Rp 1.200.000Rp 1.500.000 Gitar ibanez gio,"Airmadidi, Sulawesi Utara, Indonesia",
Facebook Marketplace,Gitar yamaha Manado,Manado,Rp 250
Facebook Marketplace,Custom booth Container Manado,Manado,Rp 1.234.568.693
Facebook Marketplace,Di jual rumah sudah bersertifikat UK 10x12 Manado,Manado,Rp 110.000.000
Facebook Marketplace,2010 Honda Jazz Manado,Manado,Rp 15.000.000
Facebook Marketplace,1 Set PC Gaming Manado,Manado,Rp 7.750.000
Facebook Marketplace,2016 Honda HR-V Manado,Manado,Rp 15.000.000
Facebook Marketplace,1978 Toyota Crown,"Eris, Sulawesi Utara, Indonesia",Rp 65.000.000
Facebook Marketplace,Baru terdaftar RacingHart Cp035 Silverpolish Mulus Mirip baru R16 Doublepcd Yang pake std 16 tinggal pake ban lama Manado,Manado,Rp 4.350
Facebook Marketplace,Epson l3110,"Tondano, Sulawesi Utara, Indonesia",Rp 1.750.000
Facebook Marketplace,2009 Daihatsu Terioss,"Amurang, Sulawesi Utara, Indonesia",Rp 45.000.000
Facebook Marketplace,Baru terdaftar Jual Gitar odlair capella original,"Tondano, Sulawesi Utara, Indonesia",Rp 1.300.000
Facebook Marketplace,Gitar Sque Manado,Manado,Rp 1.600
Facebook Marketplace,Home theater LG (Speaker sasaja) Manado,Manado,Rp 2.000.000
Facebook Marketplace,Baru terdaftar Power 10 amper deng spiker. Manado,Manado,Rp 1.500
Facebook Marketplace,1996 Honda Civic Manado,Manado,Rp 80.000.000
Facebook Marketplace,2019 Toyota Calya Manado,Manado,Rp 17.000.000
Facebook Marketplace,Mainan Motor Tanpa Aki Manado,Manado,Rp 300.000
Facebook Marketplace,Baru terdaftar Gantungan Manado,Manado,Rp 300
Facebook Marketplace,Baru terdaftar lighting baru 350 Manado,Manado,Rp 350
Facebook Marketplace,1977 Vespa S150 Manado,Manado,Rp 1.000.000
Facebook Marketplace,Jual Beli Kertas Bekas Manado Manado,Manado,Rp 1.100
Facebook Marketplace,Baru terdaftar LED TV panasonic 32 inc Manado,Manado,Rp 900.000
Facebook Marketplace,Rp 9.500.000Rp 10.000.000 2027 Kawasaki Ninja,"Sonder, Sulawesi Utara, Indonesia",
Facebook Marketplace,Mic Manado,Manado,Rp 1.100.000
Facebook Marketplace,GoPro HERO 9 Black – PAKET SIAP TEMPUR / LANGSUNG PAKAI,"Airmadidi, Sulawesi Utara, Indonesia",Rp 2
Facebook Marketplace,Canon 60D Manado,Manado,Rp 8.000.000
Facebook Marketplace,Rp 8.500.000Rp 11.000.000 1997 Daihatsu Espass Mikro Manado,Manado,
Facebook Marketplace,"Ban Traktor John Deree Ring 22""","Tateli, Sulawesi Utara, Indonesia",Rp 0
Facebook Marketplace,Baru terdaftar Ads 10inc,"Tondano, Sulawesi Utara, Indonesia",Rp 250
Facebook Marketplace,mesin las Redbo MMA 120 Manado,Manado,Rp 123.456.789
Facebook Marketplace,TV LG 32 inch,"Airmadidi, Sulawesi Utara, Indonesia",Rp 123.456
Facebook Marketplace,"Sound rakiran 5000wat siap On,,alamat malalayang harga 23,500 ,,jual set nda jual pisah Manado",Manado,Rp 23.500.000
Facebook Marketplace,Baru terdaftar Infinix hot 60i ram 8+8/256 gb Manado,Manado,Rp 1
Facebook Marketplace,Jual+cepat+bangunn+3+lantai Manado,Manado,Rp 25
Facebook Marketplace,2024 Mitsubishi Pajero,"Bitung, Sulawesi Utara, Indonesia",Rp 123.456.789
Facebook Marketplace,KYT TTC,"Tondano, Sulawesi Utara, Indonesia",Rp 0
Facebook Marketplace,Pajeko Mesin Tempel Manado,Manado,Rp 250.250.250
Facebook Marketplace,ACTION FIGURE LIMITED EDITION BANDAI NAMCO(GACHA) PORTGAS D. ACE Manado,Manado,Rp 1.800.000
Facebook Marketplace,2026 Honda Promo Stylo 160 CBS Manado,Manado,Rp 2.400.000
Facebook Marketplace,Susu Kotak Indomilk Kids Manado,Manado,Rp 100.000
Facebook Marketplace,Baru terdaftar Blender,"Sonder, Sulawesi Utara, Indonesia",Rp 0
Facebook Marketplace,Baru terdaftar 2025 Honda Beat Manado,Manado,Rp 18.700.000
Facebook Marketplace,"Baru terdaftar Paketan lighting Parled , laser , mixer Manado",Manado,Rp 123
Facebook Marketplace,1 Kamar Tidur 0 KM - Rumah Manado,Manado,Rp 2.700.000
Facebook Marketplace,2026 Honda Brio Manado,Manado,Rp 2.000.000
Facebook Marketplace,Baru terdaftar Redmi note 9 4/64 Mines,"Sonder, Sulawesi Utara, Indonesia",Rp 0
Facebook Marketplace,GUNDAM Manado,Manado,Rp 999
Facebook Marketplace,Rp 45.000Rp 50.000 Kartu Pokemon Ancaman Bayangan Manado,Manado,
Facebook Marketplace,Komputer Set Ryzen 5 + 24” Bezzelless,"Langowan, Sulawesi Utara, Indonesia",Rp 5.500.000
Facebook Marketplace,Shock Depan USD set Ori Manado,Manado,Rp 543.210
Facebook Marketplace,Tenki 100ltr,Manado,Rp 1.200.000
Facebook Marketplace,2012 Ford Ranger,"Wori, Sulawesi Utara, Indonesia",Rp 125.000.000
Facebook Marketplace,Mesin Lakoni Forza 5.5 HP 4-tak Manado,Manado,Rp 1.150.000
Facebook Marketplace,Rp 6.000.000Rp 6.500.000 1997 Honda Astrea,"Airmadidi, Sulawesi Utara, Indonesia",
Facebook Marketplace,Hp poco m5 ram 6 /128 GB Manado,Manado,Rp 0
Facebook Marketplace,Microphone Merk TNW Warna Hitam Like New Manado,Manado,Rp 0
Facebook Marketplace,GIOK 9 NAGA Manado,Manado,Rp 1.300.000
Facebook Marketplace,1 Kamar Tidur 0 KM - Rumah Manado,Manado,Rp 2.700.000
Facebook Marketplace,2027 Honda Yamaha Supra vega Manado,Manado,Rp 0
Facebook Marketplace,Makanan Manado,Manado,Rp 2.500
Facebook Marketplace,Kalung,"Bitung, Sulawesi Utara, Indonesia",Rp 123.456.789
Facebook Marketplace,Honda CRF,"Ratahan, Sulawesi Utara, Indonesia",Rp 7.750.000
Facebook Marketplace,6 KT 5 KM - Manado,Manado,Rp 6.700.000.000
Facebook Marketplace,2015 Honda Brio Manado,Manado,Rp 18.000.000
Facebook Marketplace,Redmi 10 5g,"Bitung, Sulawesi Utara, Indonesia",Rp 650
Facebook Marketplace,Gelang akar bahar merah ukir Kota Tomohon,Manado,Rp 1
Facebook Marketplace,"Baru terdaftar ASUS TUF A15 FA506NCQ RYZEN 7 170 RTX3050 4GB,8GB 512GB W11+OHS+M3658 15.6FHD IPS BLK Manado",Manado,Rp 16
Facebook Marketplace,2026 Suzuki Carry Manado,Manado,Rp 1.234.567
Facebook Marketplace,Yamaha Montage 88 Manado,Manado,Rp 5
Facebook Marketplace,NEW MITSUBISHI TRITON DC HDX 4X4 Manado,Manado,Rp 5.000.000
Facebook Marketplace,Baru terdaftar Mesin fotocopy canon ir 5000 Manado,Manado,Rp 16
Facebook Marketplace,2023 Honda Beat Manado,Manado,Rp 0
Facebook Marketplace,Baru terdaftar Set kursi meja bundar Manado,Manado,Rp 3.456
Facebook Marketplace,Kartu pokemon wts Manado,Manado,Rp 5.000.000
Facebook Marketplace,Dijual Rumah Lanjut stor tanpa Bi cheking!,"Airmadidi, Sulawesi Utara, Indonesia",Rp 25.000.000
Facebook Marketplace,"icom 2200H Japan rx tx normal, radio mulus, lengkap bracket dan mic mulus. Kota Tomohon",Manado,Rp 1.250
Facebook Marketplace,2014 Datsun Datsun 1200 Manado,Manado,Rp 67.000.000
Facebook Marketplace,"Beli tembaga,Kuningan,almanium. Manado",Manado,Rp 165.000
Facebook Marketplace,Baru terdaftar 15 KT 4 KM - Rumah Manado,Manado,Rp 700.000.000
Facebook Marketplace,Keyboard Medeli + stand keyboard Manado,Manado,Rp 500.000
Facebook Marketplace,Jual mesin sensor masih baru blum pake hrg bisa nego Manado,Manado,Rp 1.500
Facebook Marketplace,Pwer rakitan,"Tondano, Sulawesi Utara, Indonesia",Rp 2
Facebook Marketplace,1989 Suzuki Jimny,"Airmadidi, Sulawesi Utara, Indonesia",Rp 50.000.000
Facebook Marketplace,Laser 2 mata Redsun,"Tondano, Sulawesi Utara, Indonesia",Rp 18
Facebook Marketplace,1994 Toyota Toyota Kijang,"Langowan, Sulawesi Utara, Indonesia",Rp 28.000.000
Facebook Marketplace,Gitar ARTROCK RMF 100st Manado,Manado,Rp 1.300.000
Facebook Marketplace,Laptop asus core i7 Ram8GB/SSD256GB Manado,Manado,Rp 37
Facebook Marketplace,"SEPEDA MEREK : FERRARI, POLYGON, FEDERAL COD MANADO PAAL 4 SIAP PAKE NO MINES SIAP KIRIM LUAR MANADO Manado",Manado,Rp 7.000.000
Facebook Marketplace,Baru terdaftar Treadmill elektrik RGF Texas multifungsi terbaru Kota Tomohon,Manado,Rp 999
Facebook Marketplace,2018 Honda Brio Manado,Manado,Rp 16.000.000
Facebook Marketplace,Jual barang motor Manado,Manado,Rp 111.111.111.111.111
Facebook Marketplace,2019 Toyota C-HR,"Airmadidi, Sulawesi Utara, Indonesia",Rp 123.456.780
Facebook Marketplace,4 KT 2 KM - Rumah Manado,Manado,Rp 19.000.000
Facebook Marketplace,Advance Mic Wireless Manado,Manado,Rp 180
Facebook Marketplace,2 Beds 2 Baths - House,"Bitung, Sulawesi Utara, Indonesia",Rp 2
Facebook Marketplace,Avanza E mt 2023 Manado,Manado,Rp 195.000.000
Facebook Marketplace,"HP Redmi Note 11 pro,, RAM6+2.. Rom 128 Manado",Manado,Rp 123.456
Facebook Marketplace,"Alat2 motor beat fi, vario,pcx, aerox","Remboken, Sulawesi Utara, Indonesia",Rp 0
Facebook Marketplace,Baru terdaftar Ban Bridgestone Dueler 265/70/16 Manado,Manado,Rp 1.100.000
Facebook Marketplace,Kenwod Manado,Manado,Rp 250
Facebook Marketplace,SUARA ELEKTRO PANIKI HUPER SET AK 15 Manado,Manado,Rp 16.800.000
Facebook Marketplace,rorler Manado,Manado,Rp 0
Facebook Marketplace,Dji Mini 4 Pro Manado,Manado,Rp 8.500.000
Facebook Marketplace,Modem Advan V1 Pro Wifi Router All Operator Kurang mo jual 250 Kota Tomohon,Manado,Rp 250.000
Facebook Marketplace,Jati Manado,Manado,Rp 123
Facebook Marketplace,Rp 6.000.000Rp 7.000.000 Jual cepat RX-King,"Langowan, Sulawesi Utara, Indonesia",
Facebook Marketplace,Baru terdaftar FORKLIFT LISTRIK BDMG BD35EV LISTRIK KAPASITAS 3TON BARU Manado,Manado,Rp 7
Facebook Marketplace,ikang mangael,"Bitung, Sulawesi Utara, Indonesia",Rp 0
Facebook Marketplace,Baru terdaftar Yang minat aja Manado,Manado,Rp 999
Facebook Marketplace,Baru terdaftar 1994 Toyota Toyota Kijang,"Langowan, Sulawesi Utara, Indonesia",Rp 26.000.000
Facebook Marketplace,Baru terdaftar Partisi Manado,Manado,Rp 123.456.789
Facebook Marketplace,1 Bed 1 Bath - House Manado,Manado,Rp 550.000
Facebook Marketplace,2022 Daihatsu Rocky Manado,Manado,Rp 12.345.678
Facebook Marketplace,Rp 1.800.000Rp 2.000.000 Jual Genset ET 2900,"Airmadidi, Sulawesi Utara, Indonesia",
Facebook Marketplace,2017 Datsun Datsun 1200 Manado,Manado,Rp 68.500.000
Facebook Marketplace,Rp 5.000Rp 5.500 Kamera fujifilm x10 Manado,Manado,
Facebook Marketplace,Rp 18Rp 20 1993 Mitsubishi t120ss Kota Tomohon,Manado,
Facebook Marketplace,2008 Toyota Avanza Manado,Manado,Rp 12.345.670
Facebook Marketplace,PS3 full game,"Amurang, Sulawesi Utara, Indonesia",Rp 2.500.000
Facebook Marketplace,2023 aerox cyber city,"Tombatu, Sulawesi Utara, Indonesia",Rp 13
Facebook Marketplace,"Baru terdaftar Npa rmh roller gacor vario new so bbut 13,8 cod mnado jo Manado",Manado,Rp 200.000
Facebook Marketplace,1997 Daihatsu Feroza jeep Manado,Manado,Rp 39.000.000
Facebook Marketplace,Oven electric ecehome 38 liter,"Eris, Sulawesi Utara, Indonesia",Rp 17
Facebook Marketplace,Kapleng,"Airmadidi, Sulawesi Utara, Indonesia",Rp 125
Facebook Marketplace,2016 Honda Sonic Manado,Manado,Rp 0
Facebook Marketplace,Baru terdaftar Cuma velek,"Tondano, Sulawesi Utara, Indonesia",Rp 25
Facebook Marketplace,Hp Manado,Manado,Rp 750.000
Facebook Marketplace,iPad Air 2 Manado,Manado,Rp 2.000.000
Facebook Marketplace,Rp 3.200.000Rp 3.900.000 KEYBOARD YAMAHA PSR S 910 MATOL Manado,Manado,
Facebook Marketplace,Gergaji,"Bitung, Sulawesi Utara, Indonesia",Rp 100
Facebook Marketplace,Sound sistem,"Tondano, Sulawesi Utara, Indonesia",Rp 11.000.000
Facebook Marketplace,Cpu Only,"Kawangkoan, Sulawesi Utara, Indonesia",Rp 4.350.000
Facebook Marketplace,Dijual Pearl ERS1000 eRoadshow Electric Drum Set Manado,Manado,Rp 5.500.000
Facebook Marketplace,Baru terdaftar Velg Manado,Manado,Rp 250.000
Facebook Marketplace,Jual rugi heels PETER KEZIA ukrn 38,"Tateli, Sulawesi Utara, Indonesia",Rp 1
Facebook Marketplace,ampli keyboard Culture cs150.kb 12 inch Manado,Manado,Rp 1.800.000
Facebook Marketplace,Rp 120.000Rp 150.000 Printer Canon PIXMA MG2570 Manado,Manado,
Facebook Marketplace,1 Bed 1 Bath - House,"Bitung, Sulawesi Utara, Indonesia",Rp 130.000.000
Facebook Marketplace,Tabung gas LPG 3 kg,"Motoling, Sulawesi Utara, Indonesia",Rp 225.000
Facebook Marketplace,Yg minat.Jual ENTERU nda pisah,"Airmadidi, Sulawesi Utara, Indonesia",Rp 26
Facebook Marketplace,Ikang mangael,"Bitung, Sulawesi Utara, Indonesia",Rp 65.000.000
Facebook Marketplace,2002 Suzuki Carry,"Tombatu, Sulawesi Utara, Indonesia",Rp 30.000.000
Facebook Marketplace,Printer Laserjet Canon LBP6030 Manado,Manado,Rp 1.100.000
Facebook Marketplace,Baru terdaftar Cb150r 2015 Manado,Manado,Rp 0
Facebook Marketplace,Rumah Royal Mountain View Paniki Manado,Manado,Rp 123
Facebook Marketplace,2 KT 1 Kamar Mandi - Rumah,"Airmadidi, Sulawesi Utara, Indonesia",Rp 1.000.000
Facebook Marketplace,Baru terdaftar SENTER KEPALA 5 MATA PREMIUM Manado,Manado,Rp 75.000
Facebook Marketplace,Niels azura Dv Manado,Manado,Rp 123
Facebook Marketplace,1995 Daihatsu feroza zd thn 95 Tompaso,Manado,Rp 49.500.000
Facebook Marketplace,Baru terdaftar Knalpot Ninja RR New /Chamber/Cember ( Arrow/ DBS) Ready Manado ne Bossku Manado,Manado,Rp 595.000
Facebook Marketplace,1 Kamar Tidur 1 Kamar Mandi - Rumah Manado,Manado,Rp 260.000
Facebook Marketplace,printer canon,"Kakas, Sulawesi Utara, Indonesia",Rp 1.234.567
Facebook Marketplace,2025 Perahu Pelang,"Bitung, Sulawesi Utara, Indonesia",Rp 6.000.000
Facebook Marketplace,2012 Honda Brio Manado,Manado,Rp 1.234.567
Facebook Marketplace,"barang"" sonic","Amurang, Sulawesi Utara, Indonesia",Rp 9.999
Facebook Marketplace,Tes gurinda merek bitek 300 Jo cmn ini hari Manado,Manado,Rp 300
Facebook Marketplace,Velg offroad ring 15 bisa tukar tambah dan kredit Manado,Manado,Rp 123
Facebook Marketplace,Dlms DBvoice deng mic warles Manado,Manado,Rp 1.234.567.890
Facebook Marketplace,Jual step rcb set,"Tenga, Sulawesi Utara, Indonesia",Rp 1.111
Facebook Marketplace,Flash Full isi gratis otg siap pakai.,"Bitung, Sulawesi Utara, Indonesia",Rp 0
Facebook Marketplace,Knlpot salembo Rex Sarteng vario 125 new Manado,Manado,Rp 450
Facebook Marketplace,Cpu intel Core i3 Manado,Manado,Rp 700.000
Facebook Marketplace,2022 Honda Cb 150r v4,"Tenga, Sulawesi Utara, Indonesia",Rp 17.500
Facebook Marketplace,Mitsubishi DESTINATOR ULTIMATE 082196782195 Manado,Manado,Rp 20.000.000
Facebook Marketplace,Jual Helm & 5 in 1 mobile game combo peck MK500 Manado,Manado,Rp 500
Facebook Marketplace,Sony Aa6500 very low shuttercount,"Airmadidi, Sulawesi Utara, Indonesia",Rp 13.000.000
Facebook Marketplace,Baru terdaftar 2026 Mitsubishi 3000GT Manado,Manado,Rp 1.000.000
Facebook Marketplace,Baru terdaftar HELM NHK FULL FACE DOUBLE VISOR Manado,Manado,Rp 450
Facebook Marketplace,2012 Honda brio 1.3 cbu matic lengkp surat Manado,Manado,Rp 12.000.000
Facebook Marketplace,Dijual Printer Canon PIXMA MG2570S 🖨️✨ (Print • Copy • Scan) Manado,Manado,Rp 650.000
Facebook Marketplace,Paket sembako Manado,Manado,Rp 50.000
Facebook Marketplace,2001 Daihatsu station,"Bitung, Sulawesi Utara, Indonesia",Rp 25.000.000
Facebook Marketplace,cctv mini,"Tondano, Sulawesi Utara, Indonesia",Rp 0
Facebook Marketplace,Power EA hx2000,"Airmadidi, Sulawesi Utara, Indonesia",Rp 2.650.000
Facebook Marketplace,2026 Toyota Fortuner Manado,Manado,Rp 10.000.000
Facebook Marketplace,2021 Toyota Agya Manado,Manado,Rp 1.111.111
Facebook Marketplace,Mixer ASHLEY Minahasa,Manado,Rp 500
Facebook Marketplace,Genset Tiger 3000,"Ratahan, Sulawesi Utara, Indonesia",Rp 9.999.999.999
Facebook Marketplace,1980 Volkswagen Combi Manado,Manado,Rp 88.888.888
Facebook Marketplace,Audio cabutan Manado,Manado,Rp 0
Facebook Marketplace,Honda Jazz GD3 1.5cc thn 2005,"Airmadidi, Sulawesi Utara, Indonesia",Rp 0
Facebook Marketplace,Helm mla Manado,Manado,Rp 200
Facebook Marketplace,Mic dan mixer HUPER Manado,Manado,Rp 2.500.000
Facebook Marketplace,Baru terdaftar Besi Beton MURAH Whatsapp 085338336789 Manado,Manado,Rp 888
Facebook Marketplace,[BNIB] Stanley 1913 x Arsenal Quencher ProTour Flip Straw Tumbler 40oz Manado,Manado,Rp 1.100.000
Facebook Marketplace,"Rp 1.300.000Rp 2.000.000 1,3langsung angkut","Remboken, Sulawesi Utara, Indonesia",
Facebook Marketplace,1998 Suzuki tornado Manado,Manado,Rp 123.456
Facebook Marketplace,2025 Perahu Perahu Manado,Manado,Rp 55.000.000
Facebook Marketplace,2019 Suzuki Lainnya Manado,Manado,Rp 7.777.779
Facebook Marketplace,Kursi,"Eris, Sulawesi Utara, Indonesia",Rp 123
Facebook Marketplace,Vario Gen 2 STNK 2025/3 Kunci Asli 2. Mulus,"Motoling, Sulawesi Utara, Indonesia",Rp 0
Facebook Marketplace,Supra x Lengkap surat STNK bpkb,"Kawangkoan, Sulawesi Utara, Indonesia",Rp 0
Facebook Marketplace,"Vario Gen 2 STNK 2025/3 Kunci Asli 2. Mulus luar dalam, Mesin aman sx mines sesuai fto","Motoling, Sulawesi Utara, Indonesia",Rp 0
Facebook Marketplace,Studio 1 Kamar Mandi - Manado,Manado,Rp 5.000.000
Facebook Marketplace,1997 Daihatsu 4x4 Manado,Manado,Rp 135.000.000
Facebook Marketplace,Baru terdaftar ..,"Bitung, Sulawesi Utara, Indonesia",Rp 0
Facebook Marketplace,Baru terdaftar Carseat Kota Tomohon,Manado,Rp 350.000
Facebook Marketplace,Baru terdaftar Kandang Ayam Petelur 4 kamar untuk 8 ekor Manado,Manado,Rp 210.000
Facebook Marketplace,2025 SUNWARD EXCAVATOR SWE210F,"Bitung, Sulawesi Utara, Indonesia",Rp 0
Facebook Marketplace,Mobil espas Manado,Manado,Rp 23
Facebook Marketplace,DJI Ronin S Manado,Manado,Rp 3.500
Facebook Marketplace,2019 Honda Civic Manado,Manado,Rp 45.000.000
Facebook Marketplace,Baru terdaftar 1 Kamar Tidur 1 Kamar Mandi - Rumah Manado,Manado,Rp 700.000
Facebook Marketplace,Pc,"Tondano, Sulawesi Utara, Indonesia",Rp 9
Facebook Marketplace,Psr sx 900,"Langowan, Sulawesi Utara, Indonesia",Rp 17.000
Facebook Marketplace,2021 Toyota Agya Manado,Manado,Rp 15.000.000
Facebook Marketplace,"DIJUAL TABUNG GAS 12 Kg ( Tanpa Isi ) Yang Minat, silahkan Chat🙏 Manado",Manado,Rp 1
Facebook Marketplace,Tuna Frozen Manado,Manado,Rp 0
Facebook Marketplace,Per Spiral Ceper Sirion Gen 2 ori Manado,Manado,Rp 600.000
Facebook Marketplace,Baru terdaftar Laptop/tablet windows 10inch Linx Manado,Manado,Rp 600.000
Facebook Marketplace,"Vario Gen 2 STNK 2025 Kunci Asli 2. Mulus luar dalam, Mesin aman sx mines sesuai fto selain itu aman","Motoling, Sulawesi Utara, Indonesia",Rp 0
Facebook Marketplace,Ibanez Gio Manado,Manado,Rp 1.800.000
Facebook Marketplace,Rp 45.000.000Rp 60.000.000 1983 Toyota Corolla Manado,Manado,
Facebook Marketplace,PC Gaming 2K Ready,"Airmadidi, Sulawesi Utara, Indonesia",Rp 16.000.000
Facebook Marketplace,3 beds 2 bathrooms – House Manado,Manado,Rp 45.000.000
Facebook Marketplace,1996 Toyota Toyota Kijang,"Tenga, Sulawesi Utara, Indonesia",Rp 32.500.000
Facebook Marketplace,1995 Daihatsu Jeep,"Tondano, Sulawesi Utara, Indonesia",Rp 3.567.890
Facebook Marketplace,1 Kamar Tidur 1 Kamar Mandi - Rumah Manado,Manado,Rp 250.000
Facebook Marketplace,2002 Daihatsu Ada Manado,Manado,Rp 15.500.000
Facebook Marketplace,Baru terdaftar 2025 Honda Beat Street Alarm Manado,Manado,Rp 18.400.000
Facebook Marketplace,REDMI 9A (3/32) Manado,Manado,Rp 450.000
Facebook Marketplace,Baru terdaftar ac bestlife Manado,Manado,Rp 1.650.000
Facebook Marketplace,Jeep cj,"Tondano, Sulawesi Utara, Indonesia",Rp 40.000.000
Facebook Marketplace,Baru terdaftar Core i7 Ram 12GB Ssd 256gb VGA GTX4GB Multitasking Dobel penyimpanan Manado,Manado,Rp 1.122.334
Facebook Marketplace,Baru terdaftar Suzuki carry 1.5 Manado,Manado,Rp 0
Facebook Marketplace,Baru terdaftar 2013 Toyota Toyota Kijang Manado,Manado,Rp 1.720.000
Facebook Marketplace,Baru terdaftar Printer Manado,Manado,Rp 400.000
Facebook Marketplace,Baru terdaftar 2008 Toyota Avanza Manado,Manado,Rp 111.111.111
Facebook Marketplace,2014 Daihatsu 🚗Xenia 1.0 M deluxe 2014 Manual Manado,Manado,Rp 98.999.999
Facebook Marketplace,Baru terdaftar TV Manado,Manado,Rp 100
Facebook Marketplace,2 Beds 1 Bath - House Manado,Manado,Rp 15.000.000
Facebook Marketplace,Salee super murah meriah all new setelan dan dress manado Manado,Manado,Rp 99.000
Facebook Marketplace,2023 Suzuki Carry Manado,Manado,Rp 114.000.000
Facebook Marketplace,Kamera Nikon D3400 Manado,Manado,Rp 12.345
Facebook Marketplace,bcari motor rusak/tadudu yang so malas mo bekeng,"Tareran, Sulawesi Utara, Indonesia",Rp 0
Facebook Marketplace,TRAKTOR BARU BDMG 50HP Manado,Manado,Rp 7
Facebook Marketplace,"Baru terdaftar Helm NHK,Masih Baru Jual Karna Salah Ukuran Manado",Manado,Rp 350.000
Facebook Marketplace,Rp 99Rp 250 Barang2 Mio M3 Manado,Manado,
Facebook Marketplace,1 Kamar Tidur 2 KM - Rumah Manado,Manado,Rp 170.000.000
Facebook Marketplace,2026 Honda Brio Manado,Manado,Rp 2.000.000
Facebook Marketplace,Mesin cuci sharp,"Kawangkoan, Sulawesi Utara, Indonesia",Rp 123
Facebook Marketplace,Baru terdaftar 2000 Suzuki Lainnya Manado,Manado,Rp 35.000.000
Facebook Marketplace,Baru terdaftar MEJA BILLIARD 9 FEET FULLSET | TYPE LA ONE GEN1 - 9FT Manado,Manado,Rp 13.000.000
Facebook Marketplace,2 Beds 2 Baths - House,"Tondano, Sulawesi Utara, Indonesia",Rp 123.456.789
Facebook Marketplace,Baru terdaftar 33 beds 15 bathrooms – House Kota Tomohon,Manado,Rp 1.750.000.000
Facebook Marketplace,Uk. 160 & 180cm Kasur inthebox springbed Manado,Manado,Rp 1
Facebook Marketplace,2026 BYD ATTO 1 Manado,Manado,Rp 222.000.000
Facebook Marketplace,Helm MLA Full face Manado,Manado,Rp 280
Facebook Marketplace,Buku cetak YUDISTIRA dan kls 3 dan 4 Manado,Manado,Rp 123.456
Facebook Marketplace,Baru terdaftar 𝗧𝗼𝘆𝗼𝘁𝗮 𝗔𝘃𝗮𝗻𝘇𝗮 𝗕𝗮𝗿𝘂 | 𝗣𝗿𝗼𝗺𝗼 𝗨𝗮𝗻𝗴 𝗠𝘂𝗸𝗮 𝗛𝗮𝗻𝘆𝗮 𝗠𝘂𝗹𝗮𝗶 𝟭𝟬𝗷𝘁 Manado,Manado,Rp 0
Facebook Marketplace,2025 Perahu kayu Ketinting,Manado,Rp 6.500.000
Facebook Marketplace,3 KT 4 KM - Rumah Manado,Manado,Rp 600.000.000
Facebook Marketplace,Gitar Yamaha Manado,Manado,Rp 300.000
Facebook Marketplace,Set audio oto sigra ato calya Manado,Manado,Rp 6.000.000
Facebook Marketplace,2015 Honda Vario,"Langowan, Sulawesi Utara, Indonesia",Rp 6.500.000
Facebook Marketplace,2 KT 1 Kamar Mandi - Rumah Manado,Manado,Rp 500.000
Facebook Marketplace,Rp 4.100.000Rp 6.000.000 2026 Daihatsu Ayla Manado,Manado,
Facebook Marketplace,Baru terdaftar 2026 Daihatsu Penumpang Manado,Manado,Rp 28.000.000
Facebook Marketplace,Baru terdaftar 2020 Honda Beat Kota Tomohon,Manado,Rp 11.500.000
Facebook Marketplace,Ipone 11,"Airmadidi, Sulawesi Utara, Indonesia",Rp 2.500.000
Facebook Marketplace,Power 5 a Kota Tomohon,Manado,Rp 0
Facebook Marketplace,2026 Toyota Agya Manado,Manado,Rp 3.000.000
Facebook Marketplace,Barang Manado,Manado,Rp 200
Facebook Marketplace,Audio rumahan,"Tenga, Sulawesi Utara, Indonesia",Rp 3.123.456
Facebook Marketplace,Baru terdaftar 2025 A.P.C Motor Company Vario gen 2,"Eris, Sulawesi Utara, Indonesia",Rp 1.234.567.890
Facebook Marketplace,Jual alat musik; 2 power (1 rakitan 2000 watt &1 power paten 1500) 2 tone control 8 buah speaker 15,"Kakas, Sulawesi Utara, Indonesia",Rp 12.000.000
Facebook Marketplace,Ready ya Manado,Manado,Rp 123.456
Facebook Marketplace,1996 Daihatsu feroza jeep Manado,Manado,Rp 55.000.000
Facebook Marketplace,2024 Daihatsu AYLA 1.0 M MT,"Kakas, Sulawesi Utara, Indonesia",Rp 15.050.000
Facebook Marketplace,Baru terdaftar 2015 Mitsubishi Mirage Kota Tomohon,Manado,Rp 1.234.567
Facebook Marketplace,2 KT 2 KM - Rumah Manado,Manado,Rp 31.000.000
Facebook Marketplace,Baru terdaftar LAPTOP ACER JUAL CEPAT Kota Tomohon,Manado,Rp 200.000
Facebook Marketplace,Atasan cantik 😍 Manado,Manado,Rp 77.777
Facebook Marketplace,iPad Gen 10 64gb iBox Blue,"Bitung, Sulawesi Utara, Indonesia",Rp 4.850.000
Facebook Marketplace,Baru terdaftar molase ( tetes tebu) Manado,Manado,Rp 123
Facebook Marketplace,Baru terdaftar 2023 Vario .,Manado,Rp 0
Facebook Marketplace,POWER BIEMA (K6P),"Amurang, Sulawesi Utara, Indonesia",Rp 123.456.789
Facebook Marketplace,Rp 80.000Rp 150.000 Diecast Custom Demon Slayer Manado,Manado,
Facebook Marketplace,2015 Toyota Agya Manado,Manado,Rp 15.000.000
Facebook Marketplace,Baru terdaftar Cctv,"Airmadidi, Sulawesi Utara, Indonesia",Rp 200.000
Facebook Marketplace,Baru terdaftar Stoller sugarbaby premium Manado,Manado,Rp 900
Facebook Marketplace,Ps2,"Airmadidi, Sulawesi Utara, Indonesia",Rp 175.000
Facebook Marketplace,2027 RVN Gir set Rante Kota Tomohon,Manado,Rp 123
Facebook Marketplace,Baru terdaftar KUNCI RACHET 1/2INCH MOLLAR Kota Tomohon,Manado,Rp 85.000
Facebook Marketplace,Makanan,"Airmadidi, Sulawesi Utara, Indonesia",Rp 1.000.000
Facebook Marketplace,2018 Honda Brio Kota Tomohon,Manado,Rp 142.000.000
Facebook Marketplace,For sale PCX160 cbs 2022 Lengkap surat Maps PM Modification Manado,Manado,Rp 29
Facebook Marketplace,2017 Toyota Avanza Manado,Manado,Rp 145.678.900
Facebook Marketplace,Showcase Manado,Manado,Rp 123
Facebook Marketplace,Baru terdaftar Lemari jam hias Manado,Manado,Rp 5.000
Facebook Marketplace,Mau jual dam kas 1set dng hidrolit tambah PTO lengkap harga bole nego no hp 085696137292 Manado,Manado,Rp 25.000.000
Facebook Marketplace,4 KT 4 KM - Rumah Manado,Manado,Rp 10.000.000
Facebook Marketplace,Yamaha Psrs 710,"Langowan, Sulawesi Utara, Indonesia",Rp 6.500.000
Facebook Marketplace,1979 Nissan Lainnya Manado,Manado,Rp 123.456.789
Facebook Marketplace,Baru terdaftar 2011 Honda CBR Manado,Manado,Rp 5.500.000
Facebook Marketplace,Studio 0 KM - Kota Tomohon,Manado,Rp 30
Facebook Marketplace,1997 Yamaha fiz r bebek,Manado,Rp 800.000
Facebook Marketplace,aNgkUTaN PicK_uP tOmOhOn Kota Tomohon,Manado,Rp 111
Facebook Marketplace,2005 Yamaha RX,"Motoling, Sulawesi Utara, Indonesia",Rp 123.456.789
Facebook Marketplace,CAT Manado,Manado,Rp 123.456
Facebook Marketplace,RANTANGAN BULANAN/MINGGUAN Manado,Manado,Rp 16
Facebook Marketplace,Stroller dan tempat duduk makan Manado,Manado,Rp 600
Facebook Marketplace,5 Beds 4 Baths - House Manado,Manado,Rp 1.900.000.000
Facebook Marketplace,"Demon slayer, Naruto, One Piece & Dragon Balzz, ready yooo. Cekidot","Ratahan, Sulawesi Utara, Indonesia",Rp 123
Facebook Marketplace,Baru terdaftar 2018 Daihatsu 🚗 Ayla R Metic 2018 🚗 Manado,Manado,Rp 124.999.999
Facebook Marketplace,2006 Toyota Lainnya Manado,Manado,Rp 1.234.567
Facebook Marketplace,2026 Daihatsu Daihatsu Sigra DP Belasan Juta Manado,Manado,Rp 18.000.000
Facebook Marketplace,Jual santai Manado,Manado,Rp 450.000
Facebook Marketplace,Baru terdaftar 3 Beds 3 Baths - House Manado,Manado,Rp 1
Facebook Marketplace,Rp 500Rp 900 i5 Gen 8 Kota Tomohon,Manado,
Facebook Marketplace,Incline bench press,"Kawangkoan, Sulawesi Utara, Indonesia",Rp 5.555.555.555
Facebook Marketplace,Kost2an Manado,Manado,Rp 1
Facebook Marketplace,Zotac NVIDIA Geforce RTX 5060 Ti Twin Edge OC 16GB GDDR7 Black Manado,Manado,Rp 123
Facebook Marketplace,Kipas Angin model ac Manado,Manado,Rp 450
Facebook Marketplace,MEJA PINGPONG,"Eris, Sulawesi Utara, Indonesia",Rp 123.000
Facebook Marketplace,Rp 300Rp 500 knalpot+Proliner+131+bor+boran,"Bitung, Sulawesi Utara, Indonesia",
Facebook Marketplace,Hdd,"Remboken, Sulawesi Utara, Indonesia",Rp 300
Facebook Marketplace,2026 Toyota VELOZ HYBRID Manado,Manado,Rp 5.000.000
Facebook Marketplace,2020 Honda CBR,"Eris, Sulawesi Utara, Indonesia",Rp 17.500.000
Facebook Marketplace,"Yg butuh jo. Power, adaptor deng kipas","Amurang, Sulawesi Utara, Indonesia",Rp 250
Facebook Marketplace,2014 Honda Bead Manado,Manado,Rp 0
Facebook Marketplace,Tv akari 32inc Manado,Manado,Rp 800
Facebook Marketplace,2013 Suzuki Ertiga Kota Tomohon,Manado,Rp 115.115.115
Facebook Marketplace,2014 Kawasaki Ninja,"Amurang, Sulawesi Utara, Indonesia",Rp 1.234.567
Facebook Marketplace,Monoblock Venom PS 150.1 Manado,Manado,Rp 23
Facebook Marketplace,Pintu koseng jendela,"Eris, Sulawesi Utara, Indonesia",Rp 250
Facebook Marketplace,Pompa Ban Mini / Air Compressor 0889-7069-8890 Manado,Manado,Rp 135
Facebook Marketplace,instal Pcgam windos/ Labtop Mdo Manado,Manado,Rp 20
Facebook Marketplace,Piano Digital Yamaha Kota Tomohon,Manado,Rp 5
Facebook Marketplace,2010 Toyota Alphard,"Airmadidi, Sulawesi Utara, Indonesia",Rp 197.000.000
Facebook Marketplace,1992 Toyota Corolla,"Tondano, Sulawesi Utara, Indonesia",Rp 40.000.000
Facebook Marketplace,Baru terdaftar Napa motor supra,"Motoling, Sulawesi Utara, Indonesia",Rp 0
Facebook Marketplace,Kual mesin Manado,Manado,Rp 4.000.000
Facebook Marketplace,Velg mobil model offroad ring 15 16 for hilux rangga lebar 8 offset Manado,Manado,Rp 123
Facebook Marketplace,BEYA FROZEN FOOD MANADO,"Airmadidi, Sulawesi Utara, Indonesia",Rp 30.000
Facebook Marketplace,"READY BILIARD 7,8,9 FIT","Eris, Sulawesi Utara, Indonesia",Rp 99
Facebook Marketplace,Kebun dijual Manado,Manado,Rp 2.500.000.000
Facebook Marketplace,Rp 6Rp 8 2008 Scorpio standar Kota Tomohon,Manado,
Facebook Marketplace,Jual spikr power lengkap siap pake Manado,Manado,Rp 25
Facebook Marketplace,Monitor 4K 27UK650-600 Manado,Manado,Rp 25
Facebook Marketplace,Yang lg bangun,"Eris, Sulawesi Utara, Indonesia",Rp 0
Facebook Marketplace,Jual Dipan comforta Manado,Manado,Rp 1.000.000
Facebook Marketplace,Baru terdaftar 2026 Suzuki Carry Manado,Manado,Rp 177.100.000
Facebook Marketplace,Baru terdaftar Printer Epson All in One Ecotank L3211 Manado,Manado,Rp 123
Facebook Marketplace,Switch v2,"Airmadidi, Sulawesi Utara, Indonesia",Rp 2.300.000
Facebook Marketplace,Printer thermal / pos Manado,Manado,Rp 888
Facebook Marketplace,Tanah Kebun Manado,Manado,Rp 175.000.000
Facebook Marketplace,Npa AC tcl 1 pk jual 1.7,"Bitung, Sulawesi Utara, Indonesia",Rp 17
Facebook Marketplace,Rp 5.000.000Rp 6.000.000 Kursi B4ntu untuk Or4ng Tu4 Manado,Manado,
Facebook Marketplace,DJI Mini 4 Pro Bundle Fly More Combo Plus (DJI RC 2) Kota Tomohon,Manado,Rp 12.000.000
Facebook Marketplace,1994 Daihatsu Croser,"Tondano, Sulawesi Utara, Indonesia",Rp 39.500.000
Facebook Marketplace,Pudding Manado,Manado,Rp 35
Facebook Marketplace,Kamera Canon 600d Manado,Manado,Rp 3.000
Facebook Marketplace,Kijan Manado,Manado,Rp 38
Facebook Marketplace,"Baru terdaftar Bois,Roster,Fullbric,Pion,Dll Manado",Manado,Rp 140.000
Facebook Marketplace,COD) (FREE ONGKIR) PROMO SOFA RETRO MINIMALIS TERMURAH MANADO Manado,Manado,Rp 1
Facebook Marketplace,Rp 800.000Rp 1.200.000 Gitar akustik Riegel,"Tateli, Sulawesi Utara, Indonesia",
Facebook Marketplace,2026 Honda Beat,"Tenga, Sulawesi Utara, Indonesia",Rp 1.000.000
Facebook Marketplace,1992 Toyota Corolla,"Tondano, Sulawesi Utara, Indonesia",Rp 28.000.000
Facebook Marketplace,2012 Toyota Rus,"Airmadidi, Sulawesi Utara, Indonesia",Rp 1.000.000
Facebook Marketplace,PC Intel Core i5 12400F | RTX 3050 Manado,Manado,Rp 8.900.000
Facebook Marketplace,blade lampu bawa minsur mesin aman mines rante anak selain itu aman siap pake kobong harga 4.5 nego,"Motoling, Sulawesi Utara, Indonesia",Rp 0
Facebook Marketplace,Tes tukar motor metik lengkp surat Manado,Manado,Rp 123.456
Facebook Marketplace,2023 Honda Vario Manado,Manado,Rp 21.000.000
Facebook Marketplace,2026 BYD Atto 1 Premium,"Airmadidi, Sulawesi Utara, Indonesia",Rp 5.000.000
Facebook Marketplace,Sewa Sound System Tanpa keyboard Manado,Manado,Rp 250
Facebook Marketplace,Atap Katu,"Remboken, Sulawesi Utara, Indonesia",Rp 7.000
Facebook Marketplace,Lamber seri .plafon,"Eris, Sulawesi Utara, Indonesia",Rp 123
Facebook Marketplace,Booth Kota Tomohon,Manado,Rp 1.600.000
Facebook Marketplace,Laser Manado,Manado,Rp 0
Facebook Marketplace,"Barang"" vario, xeon rc","Langowan, Sulawesi Utara, Indonesia",Rp 350.000
Facebook Marketplace,Baru terdaftar JUAL CEPAT !!! Helm KYT TTC Monkey Space Kota Tomohon,Manado,Rp 500.000
Facebook Marketplace,FOR ORANG YANG ADA OTAK DAN TAU PASARAN Router huawei 5G CPE 5s pake SIM card 5g BNOB Manado,Manado,Rp 1.150.000
Facebook Marketplace,Header jimny katana Kota Tomohon,Manado,Rp 1
Facebook Marketplace,18 KT 17 KM - Apartemen Manado,Manado,Rp 550.000.000
Facebook Marketplace,1 Kamar Tidur 1 Kamar Mandi - Rumah,"Airmadidi, Sulawesi Utara, Indonesia",Rp 800.000
Facebook Marketplace,Printer DTF,"Ratahan, Sulawesi Utara, Indonesia",Rp 65
Facebook Marketplace,Hotwheels premium Manado,Manado,Rp 123
Facebook Marketplace,Squier Affinity Stratocaster Manado,Manado,Rp 3.250
Facebook Marketplace,Baru terdaftar 2026 Yamaha WR,"Bitung, Sulawesi Utara, Indonesia",Rp 1.234.567
Facebook Marketplace,Mixer AT PRO 'RV 4 Chanel Bluetut Manado,Manado,Rp 850
Facebook Marketplace,Proyektor Android,"Langowan, Sulawesi Utara, Indonesia",Rp 700
Facebook Marketplace,GT 30 5G,"Tondano, Sulawesi Utara, Indonesia",Rp 3.699
Facebook Marketplace,Es Manado,Manado,Rp 10
Facebook Marketplace,2006 A.P.C Motor Company Wild Card,"Tombatu, Sulawesi Utara, Indonesia",Rp 7.800.000
Facebook Marketplace,2006 Daihatsu Station Manado,Manado,Rp 5.500.000
Facebook Marketplace,Box kosong 18 nmax & gc 12 inch.,"Tateli, Sulawesi Utara, Indonesia",Rp 5.500
Facebook Marketplace,Baru terdaftar PS 3,"Airmadidi, Sulawesi Utara, Indonesia",Rp 2.000.000
Facebook Marketplace,Saguer manis Manado,Manado,Rp 10
Facebook Marketplace,"Action Figure Tanjiro Kamado, Zenitsu Agatsuma & Rengoku Kyojuro Demon Slayer Kimetsu no Yaiba","Eris, Sulawesi Utara, Indonesia",Rp 300.000
Facebook Marketplace,Preloved rok Manado,Manado,Rp 15.000
Facebook Marketplace,"Jual kebun kelapa luas 4,5 hektar lebih","Amurang, Sulawesi Utara, Indonesia",Rp 1.888.888
Facebook Marketplace,Baru terdaftar 1 Kamar Tidur 1 Kamar Mandi - Manado,Manado,Rp 60.000.000
Facebook Marketplace,Baru terdaftar Pom Mini / Pertamini Digital,"Bitung, Sulawesi Utara, Indonesia",Rp 123
Facebook Marketplace,Gitar,"Tumpaan, Sulawesi Utara, Indonesia",Rp 350.000
Facebook Marketplace,Rp 1.000.000Rp 1.100.000 Jual santai Mixer HUPER CREATOR 4 NO MINUS,"Tateli, Sulawesi Utara, Indonesia",
Facebook Marketplace,Mesin cetak batako dan mesin merek yanmar,"Tateli, Sulawesi Utara, Indonesia",Rp 9.500.000
Facebook Marketplace,Baru terdaftar Honda beat cbs alaram. Kota Tomohon,Manado,Rp 82
Facebook Marketplace,Baru terdaftar Pom mini Kota Tomohon,Manado,Rp 6
Facebook Marketplace,Lemari pakaian minimalis,"Eris, Sulawesi Utara, Indonesia",Rp 500
Facebook Marketplace,Pom mini/pertamini Kota Tomohon,Manado,Rp 4.500
Facebook Marketplace,Baru terdaftar Jual Pc Second terawat komputer gaming,"Tondano, Sulawesi Utara, Indonesia",Rp 6.500.000
Facebook Marketplace,Wrapping &cutting sticker Manado,Manado,Rp 500.000
Facebook Marketplace,Slang aer,"Tombatu, Sulawesi Utara, Indonesia",Rp 123
Facebook Marketplace,Kursi,"Eris, Sulawesi Utara, Indonesia",Rp 123
Facebook Marketplace,SOUNCARD SIBORIE F999 Manado,Manado,Rp 300
Facebook Marketplace,Panada ubi Manado,Manado,Rp 25
Facebook Marketplace,2020 Scott Cb 150,"Motoling, Sulawesi Utara, Indonesia",Rp 8.000.000
Facebook Marketplace,Skydrive jual panggal Manado,Manado,Rp 123
Facebook Marketplace,Mic TWS,"Wori, Sulawesi Utara, Indonesia",Rp 300.000
Facebook Marketplace,Baru terdaftar Cb150r stnk 2017,"Eris, Sulawesi Utara, Indonesia",Rp 123.456.789
Facebook Marketplace,2023 Honda Vario Manado,Manado,Rp 8.500.000
Facebook Marketplace,Baru terdaftar Bajaringan Super MURAH Whatsapp 085338336789 Manado,Manado,Rp 888
Facebook Marketplace,Gitar Yamaha Manado,Manado,Rp 300.000
Facebook Marketplace,2022 Yamaha Mio Manado,Manado,Rp 1.234.522
Facebook Marketplace,2015 A.P.C Motor Company Standar Manado,Manado,Rp 5.000.000
Facebook Marketplace,1992 Toyota Corolla,"Tondano, Sulawesi Utara, Indonesia",Rp 27.500.000
Facebook Marketplace,Speaker aktif merk sharp. Wa 082144886776,"Langowan, Sulawesi Utara, Indonesia",Rp 550.000
Facebook Marketplace,Kit. Amplifier TPA class D bekas polytron 5 chanel + PSU SMPS👍Normal,"Tareran, Sulawesi Utara, Indonesia",Rp 500
Facebook Marketplace,Baru terdaftar Ampli mini 1000 wat Kota Tomohon,Manado,Rp 290
Facebook Marketplace,BELI PLAYSTATION RUSAK Manado,Manado,Rp 25.000
Facebook Marketplace,Tanah,"Tateli, Sulawesi Utara, Indonesia",Rp 123.456
Facebook Marketplace,Sanken 5dy 4 par,"Airmadidi, Sulawesi Utara, Indonesia",Rp 150
Facebook Marketplace,Mic wireless black spider,"Airmadidi, Sulawesi Utara, Indonesia",Rp 250.000
Facebook Marketplace,Kaset/BD PlayStation 5 Kota Tomohon,Manado,Rp 123.456
Facebook Marketplace,Hp Victus 15 i5 gen 12 rtx 3050,"Tumpaan, Sulawesi Utara, Indonesia",Rp 11.800.000
Facebook Marketplace,Gitar akustik Nilon Fender original Manado,Manado,Rp 5.000
Facebook Marketplace,Mixer 4 channel bluetooth COD Manado,Manado,Rp 400.000
Facebook Marketplace,pajero fortuner pelek mobil baru ring 18 Manado,Manado,Rp 9.500.000
Facebook Marketplace,Amplifier Manado,Manado,Rp 1
Facebook Marketplace,Lem epoxy Avian super 2 komponen sisa proyek,"Bitung, Sulawesi Utara, Indonesia",Rp 95
Facebook Marketplace,Rp 180.000Rp 350.000 Alkitab Edisi Studi 2010,"Tondano, Sulawesi Utara, Indonesia",
Facebook Marketplace,2024 Honda Vario Manado,Manado,Rp 20.500.000
Facebook Marketplace,JUAL BORONGAN Manado,Manado,Rp 123.456.789
Facebook Marketplace,Rp 55.000.000Rp 66.000.000 Grandlivina SV 1.5 tahun 2012 Manado,Manado,
Facebook Marketplace,Hdd,"Tondano, Sulawesi Utara, Indonesia",Rp 300
Facebook Marketplace,OBRAL DAPAT 2 BUKU Manado,Manado,Rp 25.000
Facebook Marketplace,Mixer lampu parled,"Langowan, Sulawesi Utara, Indonesia",Rp 123
Facebook Marketplace,2 KT 1 Kamar Mandi - Rumah Manado,Manado,Rp 3
Facebook Marketplace,Spiker,"Motoling, Sulawesi Utara, Indonesia",Rp 1.500
Facebook Marketplace,Meja Pimpong ready,"Tareran, Sulawesi Utara, Indonesia",Rp 123
Facebook Marketplace,Power paten,"Tondano, Sulawesi Utara, Indonesia",Rp 12.000.000
Facebook Marketplace,Rp 4.000.000Rp 5.000.000 Pedal Drum,"Bitung, Sulawesi Utara, Indonesia",
Facebook Marketplace,Gantungan kunci reket padel,"Airmadidi, Sulawesi Utara, Indonesia",Rp 15.000
Facebook Marketplace,Rp 20.000.000Rp 25.000.000 Jual cepat piano merk yamaha Manado,Manado,
Facebook Marketplace,Crop top Manado,Manado,Rp 45.000
Facebook Marketplace,(AMPLI VOX PATHFINDER 10 ORIGINAL),"Bitung, Sulawesi Utara, Indonesia",Rp 1.600.000
Facebook Marketplace,Dress,"Airmadidi, Sulawesi Utara, Indonesia",Rp 100.000
Facebook Marketplace,Marshall MG 10 Gold Manado,Manado,Rp 1.100.000
Facebook Marketplace,Mixer Yamaha MG10XU,"Amurang, Sulawesi Utara, Indonesia",Rp 2.500.000
Facebook Marketplace,Lenovo thinkplus Manado,Manado,Rp 120.000
Facebook Marketplace,Lensa Tamron 18-270 mm Manado,Manado,Rp 123
Facebook Marketplace,TWS Lenovo Think Plus Full Bass Manado,Manado,Rp 125
Facebook Marketplace,Kipas+angin+mini Manado,Manado,Rp 30.000
Facebook Marketplace,"Baru terdaftar Baru,, stop lamp belakang suzuki ertiga xl7 ""2018 2019 2020 2021 2022 2022 Kanan atau kiri car,, Manado",Manado,Rp 750.000
Facebook Marketplace,"Baru terdaftar Papan signboard bahan akrilik untuk tanda, penunjuk, hiasan cafe, restoran, nama ruangan Manado",Manado,Rp 0
Facebook Marketplace,Boar air bersih Kota Tomohon,Manado,Rp 5.342
Facebook Marketplace,Stiker striping vario beat dan mio3 Manado,Manado,Rp 12.345
Facebook Marketplace,Baru terdaftar Mesin Vario 150 Manado,Manado,Rp 1.234.567
Facebook Marketplace,1994 Daihatsu Feroza Manado,Manado,Rp 32.000.000
Facebook Marketplace,1993 Suzuki Jimny,"Tondano, Sulawesi Utara, Indonesia",Rp 45.000.000
Facebook Marketplace,2000 Toyota Corolla Manado,Manado,Rp 39.000.000
Facebook Marketplace,2 Beds 1 Bath - House,"Airmadidi, Sulawesi Utara, Indonesia",Rp 123
Facebook Marketplace,"ASROCK B760M PG LIGHTNING DDR5 (Intel LGA 1700, Gen12, Gen13) Manado",Manado,Rp 123
Facebook Marketplace,Pom mini/pertamini Manado,Manado,Rp 4.500
Facebook Marketplace,PROMO TERMURAH👌👌BRANKAS BESAR TEMPAT DOKUMEN.UANG DAN BARANG BERHARGA GRATIS ONGKIR Manado,Manado,Rp 1.650
Facebook Marketplace,2 KT 2 KM - Rumah Manado,Manado,Rp 3.200.000
Facebook Marketplace,Baru terdaftar Beli motor,"Tenga, Sulawesi Utara, Indonesia",Rp 6.000
Facebook Marketplace,"Baru terdaftar Set Piston ring / Seher Ninja R/RR/SS (FIM,NPP,RKN,RIKO) Manado",Manado,Rp 222.222
Facebook Marketplace,jual pagal beat dijital 2019,"Tondano, Sulawesi Utara, Indonesia",Rp 123.456.789
Facebook Marketplace,2022 SONIK Motor bebek,"Tenga, Sulawesi Utara, Indonesia",Rp 6
Facebook Marketplace,Es Manado,Manado,Rp 10
Facebook Marketplace,2026 Daihatsu Mini bus Kota Tomohon,Manado,Rp 10.000.000
Facebook Marketplace,Baru terdaftar Helem Manado,Manado,Rp 250
Facebook Marketplace,2022 Honda Vario Manado,Manado,Rp 18.400.000
Facebook Marketplace,2016 Honda Brio Manado,Manado,Rp 13.000.000
Facebook Marketplace,Kabel Eterna,"Bitung, Sulawesi Utara, Indonesia",Rp 123.456
Facebook Marketplace,Datsun 2 seat 2016 Manado,Manado,Rp 62.000.000
Facebook Marketplace,Velk vrossi andromeda Manado,Manado,Rp 1
Facebook Marketplace,Buku Sank Magic,"Tondano, Sulawesi Utara, Indonesia",Rp 30
Facebook Marketplace,Baru terdaftar cari tv led rusak yg so malas mo bekeng inbox klo ada Manado,Manado,Rp 1.234
Facebook Marketplace,PS3 PS4 + LED Toshiba 43Inc,"Tondano, Sulawesi Utara, Indonesia",Rp 3.500.000
Facebook Marketplace,Yg perlu jo,"Bitung, Sulawesi Utara, Indonesia",Rp 0
Facebook Marketplace,2023 A.P.C Motor Company Honda Beat,"Motoling, Sulawesi Utara, Indonesia",Rp 1.234.567
Facebook Marketplace,Sound karoke Manado,Manado,Rp 3.750.000
Facebook Marketplace,Ps2 matrix seri 5 Manado,Manado,Rp 400
Facebook Marketplace,Sewa Lighting & Effect Kota Tomohon,Manado,Rp 1.000.000
Facebook Marketplace,4 Beds 4 Baths - House,"Bitung, Sulawesi Utara, Indonesia",Rp 12.345.678.910
Facebook Marketplace,Mesin print Manado,Manado,Rp 6
Facebook Marketplace,Jual bodi motor mio sporti dgn lampu muka so biled dgn lampu blkang Harga RP 550.000 -Net,"Bitung, Sulawesi Utara, Indonesia",Rp 550.000
Facebook Marketplace,2 KT 1 Kamar Mandi - Rumah,"Airmadidi, Sulawesi Utara, Indonesia",Rp 3.000.000
Facebook Marketplace,Baru terdaftar Yamaha Gear 125 / 2022 akhir,"Motoling, Sulawesi Utara, Indonesia",Rp 12.500
Facebook Marketplace,Drone DJI Lito Manado,Manado,Rp 4.500.000
Facebook Marketplace,2 KT 1 Kamar Mandi - Rumah,"Airmadidi, Sulawesi Utara, Indonesia",Rp 5.500.000
Facebook Marketplace,Sepeda,"Belang, Sulawesi Utara, Indonesia",Rp 600
Facebook Marketplace,vga nvidia gt 720,"Kauditan, Sulawesi Utara, Indonesia",Rp 0
Facebook Marketplace,2026 Honda Brio Manado,Manado,Rp 20.000.000
Facebook Marketplace,Yang minat Sound System,"Airmadidi, Sulawesi Utara, Indonesia",Rp 123.456.789
Facebook Marketplace,1992 Toyota Corolla,"Tondano, Sulawesi Utara, Indonesia",Rp 27.000.000
Facebook Marketplace,2017 Toyota Avanza Manado,Manado,Rp 123.456.789
Facebook Marketplace,Ram Laptop Ddr4 4Gb Manado,Manado,Rp 240
Facebook Marketplace,Bantu teman spiker datt 1 pasang,"Bitung, Sulawesi Utara, Indonesia",Rp 2.500.000
Facebook Marketplace,motor,"Motoling, Sulawesi Utara, Indonesia",Rp 900.000.000
Facebook Marketplace,2011 Honda Jazz Manado,Manado,Rp 10.000.000
Facebook Marketplace,"Selamat pagi,ready alpukat mentega baru Pete so tua2 25 1kg ambe partai 20rb/ kg, 1 kg trgntg buah","Tateli, Sulawesi Utara, Indonesia",Rp 25.000
Facebook Marketplace,Baru terdaftar Coptan bukan gale 165 R13 8PR BS Manado,Manado,Rp 123.456
Facebook Marketplace,"sewa tenda berbagai ukuran , pangggung, kursi dll Manado",Manado,Rp 25
Facebook Marketplace,Printer Canon Pixma MG2570s Manado,Manado,Rp 700.000
Facebook Marketplace,"*RADIO DOUBLE SPEAKER BLUETOOTH 3"" X 2 VISTA SERIES Manado",Manado,Rp 165
Facebook Marketplace,Baru terdaftar Gelon Agua Manado,Manado,Rp 35.000
Facebook Marketplace,2025 A.P.C Motor Company Beat Deluxe Lengkap Srat pjk jln Manado,Manado,Rp 0
Facebook Marketplace,Makanan,"Airmadidi, Sulawesi Utara, Indonesia",Rp 1.000.000
Facebook Marketplace,Heels weeding. For ngoni yang cari sepatu for acara weeding napa ada yang harga terjangkau.. Manado,Manado,Rp 200.000
Facebook Marketplace,jAsA AnGKuTAN BAranG Kota Tomohon,Manado,Rp 123
Facebook Marketplace,Twitter acr pct 2500 Manado,Manado,Rp 24
Facebook Marketplace,"Baru,, Betavo 10"" Ready Rp 850.000//pcs Manado",Manado,Rp 850.000
Facebook Marketplace,Baru terdaftar PUSAT JUAL GROSIR DAN SATUAN ALAT OLAHRAGA MURAH|BERKUALITAS|BERGRANSI|TOKO JELAS|HUB [hidden information] Manado,Manado,Rp 111
Facebook Marketplace,Velg r17 lebar 8 Manado,Manado,Rp 4.500.000
Facebook Marketplace,Mesin cuci Sharp 7kg Manado,Manado,Rp 1
Facebook Marketplace,Gitar Manado,Manado,Rp 800.000
Facebook Marketplace,Vlg kaleng Manado,Manado,Rp 0
Facebook Marketplace,Samsung Galaxy A37 5G 8/128 Manado,Manado,Rp 5.500.000
Facebook Marketplace,2 Beds 1 Bath - Manado,Manado,Rp 495.000.000
Facebook Marketplace,2018 Honda Verza,"Tenga, Sulawesi Utara, Indonesia",Rp 9
Facebook Marketplace,mounting Vario 10Cm Mines pke 300Nett pas Cover radiator Vario Arm Lngkap Mines pke deng sesuai fot,"Tombatu, Sulawesi Utara, Indonesia",Rp 0
Facebook Marketplace,"2026 TRAGA ISUZU PICKUP angsuran 7 jtan, bunga murah, asuransi allrisk kombinasi Manado",Manado,Rp 45.000.000
Facebook Marketplace,Guitar akustik Ovation Celebrity Manado,Manado,Rp 1
Facebook Marketplace,1 Kamar Tidur 1 Kamar Mandi - Kamar saja Kota Tomohon,Manado,Rp 600.000
Facebook Marketplace,1978 Datsun Datsun 1500 Manado,Manado,Rp 22.500.000
Facebook Marketplace,2024 Yamaha Lainnya,"Motoling, Sulawesi Utara, Indonesia",Rp 23.500.000
Facebook Marketplace,Rp 1.000.000Rp 1.200.000 Gitar *efek so laku,"Airmadidi, Sulawesi Utara, Indonesia",
Facebook Marketplace,1987 Suzuki Carry,"Langowan, Sulawesi Utara, Indonesia",Rp 0
Facebook Marketplace,Mother Board Main Board Motherboard Gigabyte Z390 UD Manado,Manado,Rp 0
Facebook Marketplace,Baru terdaftar 1 set sound,"Airmadidi, Sulawesi Utara, Indonesia",Rp 12.500.000
Facebook Marketplace,RANTANGAN BULANAN/MINGGUAN Manado,Manado,Rp 16
Facebook Marketplace,Printer Manado,Manado,Rp 1.100.000
Facebook Marketplace,Baru terdaftar Cadburry 11gr Manado,Manado,Rp 40.000
Facebook Marketplace,Stik ps2 op&stik ps4 op,"Langowan, Sulawesi Utara, Indonesia",Rp 100.000.225.000
Facebook Marketplace,Sim klep,"Amurang, Sulawesi Utara, Indonesia",Rp 250
Facebook Marketplace,Neon Box,"Remboken, Sulawesi Utara, Indonesia",Rp 300.000
Facebook Marketplace,keyboard,"Bitung, Sulawesi Utara, Indonesia",Rp 250.000
Facebook Marketplace,tv tabung Polytron 32 inch,"Tateli, Sulawesi Utara, Indonesia",Rp 650.000
Facebook Marketplace,Terios X Manado,Manado,Rp 15.000.000
Facebook Marketplace,2 KT 1 Kamar Mandi - Rumah Manado,Manado,Rp 1.000.000
Facebook Marketplace,Fu minsur dnk sama di foto,"Kauditan, Sulawesi Utara, Indonesia",Rp 3.300
Facebook Marketplace,Speaker Manado,Manado,Rp 100.600
Facebook Marketplace,Baru terdaftar Dispenser Galon Bawah Manado,Manado,Rp 955.000
Facebook Marketplace,Marshall MG10 Gold Manado,Manado,Rp 1.100.000
Facebook Marketplace,"Baru terdaftar Rp 95Rp 800 Oppo A77s 8/128 , hp bekas pemakaian minus pemakaian dg so prnh ganti lcd , nnti dm video Manado",Manado,
Facebook Marketplace,🔊PROMO KREDIT JADI LEBIH MUDAH Manado,Manado,Rp 123.456
Facebook Marketplace,2022 Honda Beat Manado,Manado,Rp 12.500.000
Facebook Marketplace,"Spiral ceper sigra muka 2 jare belakang 3 jare, cari top deng spiral standar Manado",Manado,Rp 123
Facebook Marketplace,Jual both makanan Manado,Manado,Rp 8
Facebook Marketplace,"Buku cetak mata pelajaran kelas 1 Sekolah Dasar ( Bahasa Indonesia, Matematika, Bahasa Inggris) Manado",Manado,Rp 170.000
Facebook Marketplace,195/60 ring 16 Manado,Manado,Rp 350
Facebook Marketplace,(Pabrik pom mini) pom mini digital pom mini termurah,"Eris, Sulawesi Utara, Indonesia",Rp 4.250.000
Facebook Marketplace,3 KT 1 Kamar Mandi - Rumah,"Tateli, Sulawesi Utara, Indonesia",Rp 200.000.000
Facebook Marketplace,2026 Honda Vario,"Tenga, Sulawesi Utara, Indonesia",Rp 1.000.000
Facebook Marketplace,2013 Honda Freed PSD facelift 1.5 AT Manado,Manado,Rp 20.000.000
Facebook Marketplace,Sony A7rii,"Ratahan, Sulawesi Utara, Indonesia",Rp 13.000.000
Facebook Marketplace,Casing cpu Manado,Manado,Rp 123.456
Facebook Marketplace,Gitar Manado,Manado,Rp 0
Facebook Marketplace,2026 Honda Beat,"Tenga, Sulawesi Utara, Indonesia",Rp 1.000.000
Facebook Marketplace,Baru terdaftar POCO F1 RAM 6 128 FULLSET CUSTOMROOM ANDROID 16 Manado,Manado,Rp 1.000
Facebook Marketplace,Beat deluxe stnk,"Motoling, Sulawesi Utara, Indonesia",Rp 7
Facebook Marketplace,2026 Honda Standar Manado,Manado,Rp 1.000.000
Facebook Marketplace,Baru terdaftar 2021 Toyota Calya Manado,Manado,Rp 140.000.000
Facebook Marketplace,Sewa Tenda Murah Minut,"Airmadidi, Sulawesi Utara, Indonesia",Rp 0
Facebook Marketplace,Mikser asley baru bili minggu mines program jaga mati mati Manado,Manado,Rp 400
Facebook Marketplace,Beat fi stnk Manado,Manado,Rp 123
Facebook Marketplace,Studio 2 Baths - Manado,Manado,Rp 6.000.000
Facebook Marketplace,Rp 0Rp 115.000 readyy jersey brazil ❤️‍🔥 Manado,Manado,
Facebook Marketplace,Motor Vario,"Motoling, Sulawesi Utara, Indonesia",Rp 10.500.000
Facebook Marketplace,Rp 5.000.000Rp 5.500.000 NINTENDO SWITCH 1 OLED ZELDA LIMITED EDITION CFW Manado,Manado,
Facebook Marketplace,Baru terdaftar MESIN EDC MINI ATM Manado,Manado,Rp 499.000
Facebook Marketplace,Baru terdaftar 2013 Daihatsu Ayla X 1.0 manual pemkaian 2014 Manado,Manado,Rp 17.000.000
Facebook Marketplace,Ready pickup express,"Tondano, Sulawesi Utara, Indonesia",Rp 123
Facebook Marketplace,Roster Beton Minimalis,"Kauditan, Sulawesi Utara, Indonesia",Rp 0
Facebook Marketplace,Motor,"Motoling, Sulawesi Utara, Indonesia",Rp 6.000.000
Facebook Marketplace,2019 Honda Beat Manado,Manado,Rp 123.456.789
Facebook Marketplace,Action Cam: Akaso Brave 4. 4K video Manado,Manado,Rp 950.000
Facebook Marketplace,15 inc tt dengan tweter deng crosover 2 way yang mau ba inbox jo,"Tateli, Sulawesi Utara, Indonesia",Rp 0
Facebook Marketplace,Blade+125,"Motoling, Sulawesi Utara, Indonesia",Rp 8
Facebook Marketplace,Napa Vega Manado,Manado,Rp 0
Facebook Marketplace,Baru terdaftar Ember es krim Manado,Manado,Rp 0
Facebook Marketplace,Baru terdaftar Spiral ori jazz no press no cut Kota Tomohon,Manado,Rp 1.200.000
Facebook Marketplace,2018 Yamaha Vixion Manado,Manado,Rp 17.900.000
Facebook Marketplace,Rumah,"Tateli, Sulawesi Utara, Indonesia",Rp 140.000.000
Facebook Marketplace,2024 A.P.C Motor Company Wild Card Manado,Manado,Rp 111.111.111
Facebook Marketplace,Bodi Mio J/GT Manado,Manado,Rp 999.999.999.999
Facebook Marketplace,2 Beds 2 Baths - House Manado,Manado,Rp 1.500.000.000
Facebook Marketplace,Baru terdaftar PROMO TERMURAH👌👌BRANKAS BESAR TEMPAT DOKUMEN.UANG DAN BARANG BERHARGA GRATIS ONGKIR Kota Tomohon,Manado,Rp 1.500
Facebook Marketplace,Baru terdaftar MO BELI KAMERA DIGITAL/DIGICAM BEKAS Manado,Manado,Rp 1
Facebook Marketplace,2000 A.P.C Motor Company Vega,"Tenga, Sulawesi Utara, Indonesia",Rp 5.000.000
Facebook Marketplace,Power 5 Amper,"Tondano, Sulawesi Utara, Indonesia",Rp 700
Facebook Marketplace,Baru terdaftar PROMO IPHONE FREE ADAPTER DI IBOX MALALAYANG Manado,Manado,Rp 8.999.000
Facebook Marketplace,"Jual Borongan Hot Wheels Original Mattel 14 Pcs – F1, Lamborghini, Porsche, Pantone, Honda, dll Manado",Manado,Rp 800.000
Facebook Marketplace,2026 Honda Beat,"Tenga, Sulawesi Utara, Indonesia",Rp 1.000.000
Facebook Marketplace,Studio 0 KM - Rumah,"Bitung, Sulawesi Utara, Indonesia",Rp 1.000.000
Facebook Marketplace,Ruang Pribadi Disewakan Kota Tomohon,Manado,Rp 10
Facebook Marketplace,2026 Honda Beat,"Tenga, Sulawesi Utara, Indonesia",Rp 1.000.000
Facebook Marketplace,Perahu Viber baru Manado,Manado,Rp 33.333.333
Facebook Marketplace,Set Alat Musik Manado,Manado,Rp 45.000.000
Facebook Marketplace,Cari Ps 1 Manado,Manado,Rp 100.000
Facebook Marketplace,2026 Kawasaki KLX Manado,Manado,Rp 41.200.000
Facebook Marketplace,2017 Toyota Agya Manado,Manado,Rp 125.000.000
Facebook Marketplace,Sapa tau ada yang minat pawer rakitan 5a CT 32,"Tateli, Sulawesi Utara, Indonesia",Rp 123
Facebook Marketplace,2002 Yamaha Rx king Manado,Manado,Rp 30.000.000
Facebook Marketplace,Rp 270Rp 350 Rumah & tanah Kota Tomohon,Manado,
Facebook Marketplace,1987 Honda Civic Manado,Manado,Rp 123.456.789
Facebook Marketplace,2026 Honda Lainnya Manado,Manado,Rp 1.800.000
Facebook Marketplace,Baru terdaftar Cordless Impact Wrench merek Modern dengan tipe M-65 Manado,Manado,Rp 700.000
Facebook Marketplace,Asus FX10CS/GL10CS Kota Tomohon,Manado,Rp 0
Facebook Marketplace,Napa selinser cari baku tukar jo dg selinser laeng,"Airmadidi, Sulawesi Utara, Indonesia",Rp 0
Facebook Marketplace,2 KT 2 KM - Rumah Manado,Manado,Rp 1.800.000.000
Facebook Marketplace,"Pintu Aluminium, Kusen Aluminium","Tateli, Sulawesi Utara, Indonesia",Rp 123
Facebook Marketplace,2026 Honda Beat,"Tenga, Sulawesi Utara, Indonesia",Rp 1.000.000
Facebook Marketplace,Hikvisolion PoE cabutan tanpa adaptor. Manado,Manado,Rp 150.000
Facebook Marketplace,Velk racing cri tt std brio Manado,Manado,Rp 123.456.789
Facebook Marketplace,Baru terdaftar 2026 Daihatsu SIGRA 1.0 D Manado,Manado,Rp 170.000.000
Facebook Marketplace,Jual full set Sound system siap pake Manado,Manado,Rp 1.234
Facebook Marketplace,barang standar pcx dan vario 160 Manado,Manado,Rp 200.000
Facebook Marketplace,Baru terdaftar Pom Mini / Pertamini Digital,"Eris, Sulawesi Utara, Indonesia",Rp 123
Facebook Marketplace,hp Manado,Manado,Rp 0
Facebook Marketplace,Mesin+paras/rumput Manado,Manado,Rp 100.000
Facebook Marketplace,2000 taruna Daihatsu Manado,Manado,Rp 1.234.567
Facebook Marketplace,2024 Honda Lainnya Manado,Manado,Rp 18.500.000
Facebook Marketplace,2026 Honda Beat,"Tenga, Sulawesi Utara, Indonesia",Rp 1.000.000
Facebook Marketplace,Beli laptop,"Langowan, Sulawesi Utara, Indonesia",Rp 2
Facebook Marketplace,Dress hitam bodyfit (Size S-M) Manado,Manado,Rp 70.000
Facebook Marketplace,Baru terdaftar Misi min Npa ad ulang Acr 15inchi 400wat NORMAL. 250 jow. Spull kertas masi ori ne. Manado,Manado,Rp 250.000
Facebook Marketplace,Mounting MG 5cm vario 125/150,"Amurang, Sulawesi Utara, Indonesia",Rp 250
Facebook Marketplace,Service AC dan cuci AC,"Eris, Sulawesi Utara, Indonesia",Rp 0
Facebook Marketplace,Rp 2.400.000Rp 2.900.000 PC i5 Gen 7 + Monitor,"Tondano, Sulawesi Utara, Indonesia",
Facebook Marketplace,2026 Honda Beat,"Tenga, Sulawesi Utara, Indonesia",Rp 1.000.000
Facebook Marketplace,2026 Honda Beat,"Tenga, Sulawesi Utara, Indonesia",Rp 1.000.000
Facebook Marketplace,"Baru terdaftar 131 padat beat gen 1, 2 Manado",Manado,Rp 123
Facebook Marketplace,1997 Daihatsu Feroza,"Bitung, Sulawesi Utara, Indonesia",Rp 35.000.000
Facebook Marketplace,2008 Daihatsu [hidden information]497517,"Kawangkoan, Sulawesi Utara, Indonesia",Rp 65.123.456
Facebook Marketplace,Gitar,"Tumpaan, Sulawesi Utara, Indonesia",Rp 350.000
Facebook Marketplace,4 Beds 3 Baths - House,"Tateli, Sulawesi Utara, Indonesia",Rp 3
Facebook Marketplace,1 Kamar Tidur 1 Kamar Mandi - Rumah Manado,Manado,Rp 123
Facebook Marketplace,Mobil aki mainan Ban Karet,"Airmadidi, Sulawesi Utara, Indonesia",Rp 2.500
Facebook Marketplace,PERTAMINI DIGITAL FULL DISPENSER Kota Tomohon,Manado,Rp 10.000.000
Facebook Marketplace,spiker Manado,Manado,Rp 3
Facebook Marketplace,"MEJA 1/2 BIRO / MEJA KERJA / MEJA KANTOR BAHAN KOKOH , FINISHIN HPL RAPIH PANJANG Manado",Manado,Rp 650.000
Facebook Marketplace,2011 Honda Jazz Manado,Manado,Rp 10.000.000
Facebook Marketplace,Hotwheels limitedi edition,"Eris, Sulawesi Utara, Indonesia",Rp 1
Facebook Marketplace,Gitar legacy origininal bekas Manado,Manado,Rp 1.100.000
Facebook Marketplace,shock absorber yamaha peredam kejut msi baru blum pernah pake!! Yg minat inbox Manado,Manado,Rp 100
Facebook Marketplace,Keyboard Yamaha Kota Tomohon,Manado,Rp 8
Facebook Marketplace,Molen semen,Manado,Rp 111
Facebook Marketplace,Headset Gaming gratis Stand,"Bitung, Sulawesi Utara, Indonesia",Rp 0
Facebook Marketplace,2018 Daihatsu Terios X Deluxe Manado,Manado,Rp 15.000.000
Facebook Marketplace,Ready laptop.printer.computer. Menerima service .laptop.printer .computer Lokasi manado Manado,Manado,Rp 5.000.000
Facebook Marketplace,Tandon,"Kawangkoan, Sulawesi Utara, Indonesia",Rp 500
Facebook Marketplace,2026 Honda Beat,"Tenga, Sulawesi Utara, Indonesia",Rp 1.000.000
Facebook Marketplace,Ampli For Keyboard,"Airmadidi, Sulawesi Utara, Indonesia",Rp 3.800
Facebook Marketplace,Aerox 2024,"Tenga, Sulawesi Utara, Indonesia",Rp 14.500.000
Facebook Marketplace,Baru terdaftar kenalpto sonic,"Amurang, Sulawesi Utara, Indonesia",Rp 900.000
Facebook Marketplace,Baru terdaftar Bled lampu bawa,"Tombatu, Sulawesi Utara, Indonesia",Rp 123.456.789
Facebook Marketplace,Rp 100.000Rp 125.000 Spakbor Cross Sporrt PNP Beat street. Manado,Manado,
Facebook Marketplace,"Baru terdaftar Blender, Chopper dan Bakar² Roti Manado",Manado,Rp 250.000
Facebook Marketplace,2026 Honda Beat,"Tenga, Sulawesi Utara, Indonesia",Rp 1.000.000
Facebook Marketplace,Rujak,"Tateli, Sulawesi Utara, Indonesia",Rp 10
Facebook Marketplace,2026 Honda Beat,"Tenga, Sulawesi Utara, Indonesia",Rp 1.000.000
Facebook Marketplace,Kse+harga+j+knalpot+standar+beat+delixe,"Eris, Sulawesi Utara, Indonesia",Rp 123.456.789
Facebook Marketplace,2025 Yamaha NMax,"Motoling, Sulawesi Utara, Indonesia",Rp 2.000.000
Facebook Marketplace,HEADPHONE FANTECH Manado,Manado,Rp 5
Facebook Marketplace,2026 Honda Lainnya,"Tenga, Sulawesi Utara, Indonesia",Rp 1.000.000
Facebook Marketplace,"Palet bekas, karung sample baru • Palet ukuran 120X120X15 ( bekas sprt baru ) •Karung uk 35X53","Eris, Sulawesi Utara, Indonesia",Rp 123.456
Facebook Marketplace,PS3 Manado,Manado,Rp 1.700.000
Facebook Marketplace,Gitar,"Airmadidi, Sulawesi Utara, Indonesia",Rp 700
Facebook Marketplace,Pom mini digital 081546862322,"Amurang, Sulawesi Utara, Indonesia",Rp 4.500.000
Facebook Marketplace,2026 Honda Beat,"Tenga, Sulawesi Utara, Indonesia",Rp 1.000.000
Facebook Marketplace,Baca dulu baru ba maso CRF STCK 2023,"Motoling, Sulawesi Utara, Indonesia",Rp 19.000
Facebook Marketplace,Gitar Listrik,"Amurang, Sulawesi Utara, Indonesia",Rp 123.456.789
Facebook Marketplace,Baru terdaftar Tempat sampah plastik modern. Manado,Manado,Rp 123
Facebook Marketplace,2 KT 2 KM - Rumah,"Airmadidi, Sulawesi Utara, Indonesia",Rp 1.300.000
Facebook Marketplace,2018 Yamaha Lainnya,"Tenga, Sulawesi Utara, Indonesia",Rp 16.000.000
Facebook Marketplace,Senter kapala,"Kakas, Sulawesi Utara, Indonesia",Rp 175
Facebook Marketplace,2021 Honda ADV 150 Manado,Manado,Rp 28.900.000
Facebook Marketplace,Gudang pom mini pom mini digital pom mini terdekat,"Langowan, Sulawesi Utara, Indonesia",Rp 4.250.000
Facebook Marketplace,4 KT 3 KM - Rumah,"Bitung, Sulawesi Utara, Indonesia",Rp 375.000.000
Facebook Marketplace,2026 A.P.C Motor Company Wild Card,"Belang, Sulawesi Utara, Indonesia",Rp 0
Facebook Marketplace,14 KT 15 KM - Apartemen,"Tondano, Sulawesi Utara, Indonesia",Rp 3
Facebook Marketplace,Gudang pom mini pom mini digital pom mini terdekat,"Langowan, Sulawesi Utara, Indonesia",Rp 4.250.000
Facebook Marketplace,"Jual Style & Voice.. Bonus MIDI,MP3","Sonder, Sulawesi Utara, Indonesia",Rp 300
Facebook Marketplace,Baru terdaftar 2026 Honda Brio,"Bitung, Sulawesi Utara, Indonesia",Rp 20.000.000
Facebook Marketplace,MIC MYVO SM 808A Manado,Manado,Rp 128
Facebook Marketplace,Baru terdaftar Dji osmo poket 3 CREATOR COMBO Kota Tomohon,Manado,Rp 7.500.000
Facebook Marketplace,Gudang pom mini pom mini digital pom mini terdekat,"Langowan, Sulawesi Utara, Indonesia",Rp 4.250.000
Facebook Marketplace,1 Kamar Tidur 1 Kamar Mandi - Manado,Manado,Rp 17.500.000
Facebook Marketplace,Studio 8 KM - Rumah Manado,Manado,Rp 700.000.000
Facebook Marketplace,2022 Honda Vario,"Motoling, Sulawesi Utara, Indonesia",Rp 123.456.789
Facebook Marketplace,2026 Honda Beat,"Tenga, Sulawesi Utara, Indonesia",Rp 1.000.000
Facebook Marketplace,2026 Daihatsu ayla 1.0 m mt Kota Tomohon,Manado,Rp 6.000.000
Facebook Marketplace,siap tampung beli sejenis tembga apa saja harga 180.bisa Manado,Manado,Rp 0
Facebook Marketplace,Ps 4 hen 9 Kota Tomohon,Manado,Rp 3.200
Facebook Marketplace,1995 Daihatsu Zebra astrea Manado,Manado,Rp 14.500.000
Facebook Marketplace,Baru terdaftar 2002 Honda Supra Fit,"Tareran, Sulawesi Utara, Indonesia",Rp 3.800.000
Facebook Marketplace,2016 Datsun Datsun 1200 Manado,Manado,Rp 25.000.000
Facebook Marketplace,Bacari bukang ba jual Manado,Manado,Rp 2.000.000
Facebook Marketplace,MCB 20 Amper Manado,Manado,Rp 0
Facebook Marketplace,PC server Manado,Manado,Rp 1
Facebook Marketplace,2021 A.P.C Motor Company Wild Card,"Kawangkoan, Sulawesi Utara, Indonesia",Rp 14.000.000
Facebook Marketplace,Toyota Calya 1.2 G M/T Manado,Manado,Rp 10.000.000
Facebook Marketplace,Headphone Bando XB-450 Extra Bass - Headset MDR XB450 / HEADPHONE EXTRABASS,"Belang, Sulawesi Utara, Indonesia",Rp 31.000
Facebook Marketplace,Docking Pendingin For PS5 Fat dan Kipas Belakang,"Airmadidi, Sulawesi Utara, Indonesia",Rp 300
Facebook Marketplace,2001 HONDA ACORRD VTI-L A.T,"Remboken, Sulawesi Utara, Indonesia",Rp 35
Facebook Marketplace,Rp 2.500.000Rp 3.500.000 Kamera Canon 600D Fullset Manado,Manado,
Facebook Marketplace,2 Beds 2 Baths - House Manado,Manado,Rp 31.000.000
Facebook Marketplace,Salin,"Remboken, Sulawesi Utara, Indonesia",Rp 0
Facebook Marketplace,2017 A.P.C Motor Company Wild Card,"Kawangkoan, Sulawesi Utara, Indonesia",Rp 123.456.789
Facebook Marketplace,2026 Toyota 4Runner,"Bitung, Sulawesi Utara, Indonesia",Rp 10.000.000
Facebook Marketplace,Ssw CE28 BRONZE R15 L6.5 ET40 DOUBLE PCD. Cari baku sorong deng hyper silver ato silver polish Manado,Manado,Rp 0
Facebook Marketplace,Rp 1.500.000Rp 1.600.000 Gitar Sqoe Sest 250,"Bitung, Sulawesi Utara, Indonesia",
Facebook Marketplace,PERTAMINI DIGITAL FULL DISPENSER,"Ratahan, Sulawesi Utara, Indonesia",Rp 6.000.000
Facebook Marketplace,2014 Kawasaki Ninja Manado,Manado,Rp 3.147.582
Facebook Marketplace,2026 Suzuki Carry,"Kawangkoan, Sulawesi Utara, Indonesia",Rp 1.000.000
Facebook Marketplace,2026 Honda Lainnya Manado,Manado,Rp 12.345.678
Facebook Marketplace,Rp 13.000.000Rp 15.000.000 Tanah kapleng Kota Tomohon,Manado,
Facebook Marketplace,"Map raport k13 berkualitas,free desain,harga sangat terjangkau Manado",Manado,Rp 12.999
Facebook Marketplace,Jual Printer Epson lx 310 Manado,Manado,Rp 1.000.000
Facebook Marketplace,1995 Suzuki Jimny Kota Tomohon,Manado,Rp 65.000.000
Facebook Marketplace,Keyboard Nux NPK20,"Airmadidi, Sulawesi Utara, Indonesia",Rp 7.000.000
Facebook Marketplace,Beat fi 2013 Manado,Manado,Rp 8.000.000
Facebook Marketplace,Jual Sound yamaha & huper Manado,Manado,Rp 26.000.000
Facebook Marketplace,brownies super nyoklat Manado,Manado,Rp 35.000
Facebook Marketplace,Rp 3.000Rp 3.500.000 Mixer kingkong,"Tondano, Sulawesi Utara, Indonesia",
Facebook Marketplace,Baru terdaftar Impact Kamole 1200Nm Kota Tomohon,Manado,Rp 700.000
Facebook Marketplace,Rp 30.000Rp 50.000 Pre🩷 cantik2,"Tumpaan, Sulawesi Utara, Indonesia",
Facebook Marketplace,2 KT 2 KM - Rumah Manado,Manado,Rp 123
Facebook Marketplace,READY IP17PRO & IP17PM KREDIT BUNGA 0% HOMECREDIT Manado,Manado,Rp 25.749.000
Facebook Marketplace,1 Kamar Tidur 1 Kamar Mandi - Apartemen Manado,Manado,Rp 121.000
Facebook Marketplace,Studio 1 Kamar Mandi -,"Airmadidi, Sulawesi Utara, Indonesia",Rp 2.000.000
Facebook Marketplace,1992 Toyota Corolla,"Tondano, Sulawesi Utara, Indonesia",Rp 33.000.000
Facebook Marketplace,Mobil Manado,Manado,Rp 9.999.999
Facebook Marketplace,Spiker Kota Tomohon,Manado,Rp 0
Facebook Marketplace,Gtr,"Ratahan, Sulawesi Utara, Indonesia",Rp 123
Facebook Marketplace,Baru terdaftar 2016 Honda HR-V Manado,Manado,Rp 12.000.000
Facebook Marketplace,Rp 140Rp 150 Wireless Lavaliver microphone Manado,Manado,
Facebook Marketplace,Helem js armor Manado,Manado,Rp 0
Facebook Marketplace,sEwA pICk uP tErDeKAt tOnDAnO,"Tondano, Sulawesi Utara, Indonesia",Rp 1.000
Facebook Marketplace,HP dan kamera mati,"Airmadidi, Sulawesi Utara, Indonesia",Rp 500.000
Facebook Marketplace,1 Bed 1 Bath - House Kota Tomohon,Manado,Rp 65.000.000
Facebook Marketplace,Apa sto Manado,Manado,Rp 0
Facebook Marketplace,1997 Daihatsu Jip,"Bitung, Sulawesi Utara, Indonesia",Rp 35.000.000
Facebook Marketplace,Mixer phasa lab,"Airmadidi, Sulawesi Utara, Indonesia",Rp 1.234.567
Facebook Marketplace,4 KT 4 KM - Manado,Manado,Rp 200
Facebook Marketplace,Driver papan buta 2 chanel. Yg minat baca ket di bawa 🙏,"Airmadidi, Sulawesi Utara, Indonesia",Rp 300
Facebook Marketplace,DISEWAKAN TEMPAT USAHA,"Tondano, Sulawesi Utara, Indonesia",Rp 123.456
Facebook Marketplace,"HotWheels FnF dan Neon Speeders (Porsche,Prelude dan Ford Fairlane) Manado",Manado,Rp 120.000
Facebook Marketplace,2019 Honda Brio Manado,Manado,Rp 20.000.000
Facebook Marketplace,CAJON HOMEMADE ‼️,"Airmadidi, Sulawesi Utara, Indonesia",Rp 5
Facebook Marketplace,1999 Piaggio Dan truk,"Tondano, Sulawesi Utara, Indonesia",Rp 0
Facebook Marketplace,2024 Honda Brio Manado,Manado,Rp 26.500.000
Facebook Marketplace,2011 Yamaha Mio Kota Tomohon,Manado,Rp 0
Facebook Marketplace,2004 Honda Sedan city Manado,Manado,Rp 50.000.000
Facebook Marketplace,2025 Daihatsu GRANMAX PU Manado,Manado,Rp 1.000.000
Facebook Marketplace,Mixer audio pro sudah lengkap efeknya Manado,Manado,Rp 123
Facebook Marketplace,HW butik tosca size 26-27 Manado,Manado,Rp 30.000
Facebook Marketplace,2008 Toyota Toyota Kijang Manado,Manado,Rp 12.345.678
Facebook Marketplace,drone Manado,Manado,Rp 500.000
Facebook Marketplace,Sanwa PC 7000 Digital Multimeter Manado,Manado,Rp 4.500
Facebook Marketplace,Yg minat jo sedan suzuki estem 1.3 stnk oto irit Manado,Manado,Rp 123
Facebook Marketplace,Kamera Digital Retro Aesthetic 68MP ✨ Mulus Like New! 📸 Manado,Manado,Rp 350.000
Facebook Marketplace,2 KT 1 Kamar Mandi Rumah,"Airmadidi, Sulawesi Utara, Indonesia",Rp 172.000.000
Facebook Marketplace,kijang kapsul Manado,Manado,Rp 0
Facebook Marketplace,5 KT 3 KM - Rumah Manado,Manado,Rp 1.800.000.000
Facebook Marketplace,2002 Honda CR-V,"Kakas, Sulawesi Utara, Indonesia",Rp 12.345.678
Facebook Marketplace,Wifi home murah Manado,Manado,Rp 254.000
Facebook Marketplace,PlayStation 2 Manado,Manado,Rp 650.000
Facebook Marketplace,2 KT 1 Kamar Mandi - Rumah Manado,Manado,Rp 1.300.000
Facebook Marketplace,Baru terdaftar Snack anjing Manado,Manado,Rp 0
Facebook Marketplace,mio soul 115 siap panggal Manado,Manado,Rp 1.234.567
Facebook Marketplace,Baru terdaftar HP gaming Manado,Manado,Rp 0
Facebook Marketplace,Drum besi kosong,"Airmadidi, Sulawesi Utara, Indonesia",Rp 300.000
Facebook Marketplace,Baru terdaftar Tecno Pova Curve 5G Manado,Manado,Rp 111
Facebook Marketplace,1 Kamar Tidur 1 Kamar Mandi - Rumah,"Bitung, Sulawesi Utara, Indonesia",Rp 30.000.000
Facebook Marketplace,Studio 1 Bath -,"Airmadidi, Sulawesi Utara, Indonesia",Rp 50.000.000
Facebook Marketplace,Kenalpot,"Langowan, Sulawesi Utara, Indonesia",Rp 123
Facebook Marketplace,Soundcard H500 Set Manado,Manado,Rp 6
Facebook Marketplace,Ready Gitar 🔥 Manado,Manado,Rp 300.000
Facebook Marketplace,3 KT 2 KM - Rumah Manado,Manado,Rp 450
Facebook Marketplace,Buku Bupena Kelas 4 & 5 SD Preloved Manado,Manado,Rp 55.000
Facebook Marketplace,"Teropong asli merk papillon,siang ok ,MLM ok Gambar tajam ada setelan untuk mata mines Manado",Manado,Rp 700.000
Facebook Marketplace,2001 Mitsubishi Colt Manado,Manado,Rp 18.000.000
Facebook Marketplace,Flashdisc style & Voice Yamaha Kota Tomohon,Manado,Rp 1.000
Facebook Marketplace,Gitar Akustik Elektrik Manado,Manado,Rp 3.300.000
Facebook Marketplace,3 KT 0 KM - Rumah,"Kawangkoan, Sulawesi Utara, Indonesia",Rp 160
Facebook Marketplace,Rp 650.000Rp 775.000 Laci Kasir+Printer Nota Kota Tomohon,Manado,
Facebook Marketplace,Bata Ringan Hebel CLC Manado,Manado,Rp 850.000
Facebook Marketplace,Tang ampere kyoritsu kew 2007R (Original),"Tumpaan, Sulawesi Utara, Indonesia",Rp 123.456
Facebook Marketplace,Kboard PC rusak Manado,Manado,Rp 0
Facebook Marketplace,10 KT 3 KM - Rumah Manado,Manado,Rp 700.000
Facebook Marketplace,4 KT 5 KM - Rumah Manado,Manado,Rp 4.500.000.000
Facebook Marketplace,Hotwheels Manado,Manado,Rp 140.000
Facebook Marketplace,Rp 0Rp 12.345.678 2026 Daihatsu Ayla Manado,Manado,
Facebook Marketplace,2019 Yamaha FreeGo Manado,Manado,Rp 0
Facebook Marketplace,Baru terdaftar Beat Fi start kasar 2013 Minsur,"Tenga, Sulawesi Utara, Indonesia",Rp 3.500.000
Facebook Marketplace,Manado Luas 4000 m² SHM tanah rata Manado,Manado,Rp 160
Facebook Marketplace,Hp infinix hot 30i Manado,Manado,Rp 1
Facebook Marketplace,Jual kibort prs S770 Manado,Manado,Rp 9.000.000
Facebook Marketplace,Hardcase Keyboard Manado,Manado,Rp 800
Facebook Marketplace,2 KT 1 Kamar Mandi - Rumah Manado,Manado,Rp 20
Facebook Marketplace,2020 Honda Vario 125 new gen 1 Kota Tomohon,Manado,Rp 0
Facebook Marketplace,2016 Honda HR-V Matic Manado,Manado,Rp 17.000.000
Facebook Marketplace,tripod for kamera dg hp Kota Tomohon,Manado,Rp 9.999.999
Facebook Marketplace,Kipas,"Tateli, Sulawesi Utara, Indonesia",Rp 0
Facebook Marketplace,Nissan march 2011 lengkap surat plat DG,"Eris, Sulawesi Utara, Indonesia",Rp 65
Facebook Marketplace,One Piece,"Ratahan, Sulawesi Utara, Indonesia",Rp 123
Facebook Marketplace,Sound card Manado,Manado,Rp 3
Facebook Marketplace,gamPC Labtop windos Mdo Manado,Manado,Rp 21
Facebook Marketplace,Rp 25.000.000Rp 27.500.000 1995 Toyota 4Runner Manado,Manado,
Facebook Marketplace,Baru terdaftar 1984 Yamaha Alfa Manado,Manado,Rp 1.000.000
Facebook Marketplace,vega r minsur mines otomat kopleng klo mo star sma dng da isi prosneleng selain itu aman dng sesuai,"Motoling, Sulawesi Utara, Indonesia",Rp 0
Facebook Marketplace,Ban n Veleg for Hartop,"Sonder, Sulawesi Utara, Indonesia",Rp 0
Facebook Marketplace,Mixer 5chanel efeck suara mantap vokal high middle low keren..merek Luxsona,"Bitung, Sulawesi Utara, Indonesia",Rp 1
Facebook Marketplace,Nintendo switch 2 seken,"Bitung, Sulawesi Utara, Indonesia",Rp 8.000.000
Facebook Marketplace,Mixer Huper kondisi baru masih segel pemakaian 1bulan lebih Manado,Manado,Rp 1.100.000
Facebook Marketplace,2016 Honda HR-V Manado,Manado,Rp 17.000.000
Facebook Marketplace,Studio 0 KM - Rumah Manado,Manado,Rp 2
Facebook Marketplace,Ready stok MODEM FIBERHOME,"Tenga, Sulawesi Utara, Indonesia",Rp 160.000
Facebook Marketplace,Ruang Pribadi Disewakan Manado,Manado,Rp 4.000.000
Facebook Marketplace,Rp 500.000Rp 525.000 Impact sokin,"Tateli, Sulawesi Utara, Indonesia",
Facebook Marketplace,Laptop Gaming HP Omen Manado,Manado,Rp 6.500.000
Facebook Marketplace,Jual set Tv Hisense Ps2 Manado,Manado,Rp 2.800.000
Facebook Marketplace,Gitar,"Kauditan, Sulawesi Utara, Indonesia",Rp 123.456
Facebook Marketplace,Baru terdaftar 2019 honda vario 150,Manado,Rp 0
Facebook Marketplace,Baru terdaftar Laptop Asus Manado,Manado,Rp 3.300.000
Facebook Marketplace,Baru terdaftar 3 Beds 3 Baths - House Manado,Manado,Rp 7
Facebook Marketplace,2002 Suzuki Carry,"Kauditan, Sulawesi Utara, Indonesia",Rp 0
Facebook Marketplace,"lakoni 0,5 HP","Tumpaan, Sulawesi Utara, Indonesia",Rp 45
Facebook Marketplace,Nintendo Switch 1 Manado,Manado,Rp 2.500.000
Facebook Marketplace,Baru terdaftar Rp 14.000.000Rp 15.000.000 2018 Honda Hondamatic Kota Tomohon,Manado,
Facebook Marketplace,"Baru terdaftar Jual tanah (SHM) dekat jalan.Isi : mata air telaga 9,durian,duku,cengkeh,kelapa + penerangan/listrik Manado",Manado,Rp 850.000
Facebook Marketplace,Ruang Pribadi Disewakan Manado,Manado,Rp 4.000.000
Facebook Marketplace,REDMI HEADPHONE NEO Tompaso,Manado,Rp 750.000
Facebook Marketplace,2014 Mountain bike Road bike,"Motoling, Sulawesi Utara, Indonesia",Rp 1.500.000
Facebook Marketplace,2016 Daihatsu SIRION RS Manual Manado,Manado,Rp 0
Facebook Marketplace,Baru terdaftar 2 KT 1 Kamar Mandi - Rumah Manado,Manado,Rp 8.000.000
Facebook Marketplace,Heels cantikk Manado,Manado,Rp 185.000
Facebook Marketplace,2023 Daihatsu Sigra 2023 Manual Istimewa sekli,"Tateli, Sulawesi Utara, Indonesia",Rp 123.456.789
Facebook Marketplace,Jual spiker,"Bitung, Sulawesi Utara, Indonesia",Rp 20
Facebook Marketplace,2018 Aerox old 155,"Tenga, Sulawesi Utara, Indonesia",Rp 123.456.789
Facebook Marketplace,2025 Honda Beat Manado,Manado,Rp 0
Facebook Marketplace,9 KT 4 KM - Rumah,"Tateli, Sulawesi Utara, Indonesia",Rp 1.234.567
Facebook Marketplace,Baru terdaftar Mesin jahit mini eletrik,"Tondano, Sulawesi Utara, Indonesia",Rp 150
Facebook Marketplace,Ps 3 slim seri 30 hen dan tv 30 inci lg Manado,Manado,Rp 2
Facebook Marketplace,Hp,"Bitung, Sulawesi Utara, Indonesia",Rp 0
Facebook Marketplace,Oto serio tipe RS 2010,"Langowan, Sulawesi Utara, Indonesia",Rp 60
Facebook Marketplace,Rp 3.750Rp 3.750.000 Ps 4 pro Manado,Manado,
Facebook Marketplace,1 Kamar Tidur 1 Kamar Mandi - Rumah Manado,Manado,Rp 2.500.000
Facebook Marketplace,2005 Yamaha RX King,"Motoling, Sulawesi Utara, Indonesia",Rp 18.000.000
Facebook Marketplace,1 Kamar Tidur 1 Kamar Mandi - Manado,Manado,Rp 28
Facebook Marketplace,Kartu Pokemon Aserola Mimikyu CHR P Promo Manado,Manado,Rp 500.000
Facebook Marketplace,1 Kamar Tidur 1 Kamar Mandi - Rumah Kota Tomohon,Manado,Rp 123
Facebook Marketplace,CBX STNK 2024,"Motoling, Sulawesi Utara, Indonesia",Rp 123.413
Facebook Marketplace,1 Bed 1 Bath - Apartment Manado,Manado,Rp 1.000.000
Facebook Marketplace,Rp 1.900Rp 2.500 PANEL 1 PHASE DIGITAL & FULL DIGITAL Manado,Manado,
Facebook Marketplace,Baru terdaftar [FOR SALE] HDD Seagate - 500GB Manado,Manado,Rp 195.000
Facebook Marketplace,Game Labtop komPC Instals Manado,Manado,Rp 20
Facebook Marketplace,Jual samsung s24 fe/256 gb Manado,Manado,Rp 7.000.000
Facebook Marketplace,Body Mio smile,"Airmadidi, Sulawesi Utara, Indonesia",Rp 900.000
Facebook Marketplace,Baru terdaftar Jual mesin cuci secend terawat merek Sharp uk 9kg Manado,Manado,Rp 800.000
Facebook Marketplace,"Samsung a56,8/256 Kota Tomohon",Manado,Rp 999.999.999.999
Facebook Marketplace,Pokemon Legend Z-A Nintendo Switch 2 Version Manado,Manado,Rp 700.000
Facebook Marketplace,2023 Daihatsu Ayla Manado,Manado,Rp 14.000.000
Facebook Marketplace,Gen 2 2025 stnk,"Tombatu, Sulawesi Utara, Indonesia",Rp 8
Facebook Marketplace,wts stik ps4 ori Mesin Manado,Manado,Rp 450
Facebook Marketplace,Rp 40.000Rp 95.000 Kamus Inggris-Indonesia edisi yang diperbaharui Manado,Manado,
Facebook Marketplace,Tas Keyboard Synthesizer/ Stand Keyboard,"Langowan, Sulawesi Utara, Indonesia",Rp 0
Facebook Marketplace,Velg ring 15 Manado,Manado,Rp 0
Facebook Marketplace,Baru terdaftar 2014 Revo Apsolute,Manado,Rp 123.456
Facebook Marketplace,printer Manado,Manado,Rp 500.000
Facebook Marketplace,2017 HINO Dutro X_Power,"Tenga, Sulawesi Utara, Indonesia",Rp 335.000.000
Facebook Marketplace,1 Kamar Tidur 1 Kamar Mandi - Apartemen Manado,Manado,Rp 110.000
Facebook Marketplace,Kenalpot proliner aerox enmx,"Tumpaan, Sulawesi Utara, Indonesia",Rp 0
Facebook Marketplace,1 Kamar Tidur 0 KM - Rumah Manado,Manado,Rp 123.456
Facebook Marketplace,Kayu koka & kayu putih,"Tenga, Sulawesi Utara, Indonesia",Rp 800.000
Facebook Marketplace,Gitar Olympia Manado,Manado,Rp 750
Facebook Marketplace,Barang' Vega R new,"Kawangkoan, Sulawesi Utara, Indonesia",Rp 12.345
Facebook Marketplace,velg ninja Manado,Manado,Rp 0
Facebook Marketplace,Ampli gitar,"Tateli, Sulawesi Utara, Indonesia",Rp 1.350
Facebook Marketplace,2021 Daihatsu Sigra R deluxe Manado,Manado,Rp 19.000.000
Facebook Marketplace,1 Kamar Tidur 1 Kamar Mandi - Rumah Manado,Manado,Rp 1.400.000
Facebook Marketplace,novel,"Eris, Sulawesi Utara, Indonesia",Rp 100.000
Facebook Marketplace,Helem standar honda Manado,Manado,Rp 150
Facebook Marketplace,2026 Daihatsu Pickup Grandmax 1.5 Acps Manado,Manado,Rp 15.000.000
Facebook Marketplace,cb old minsur mesin aman sx siap pake mines sesuai fto selain itu aman harga 4.5 nego alus minat inb,"Motoling, Sulawesi Utara, Indonesia",Rp 0
Facebook Marketplace,rok BACA DESKRIPSI❗️ Manado,Manado,Rp 100
Facebook Marketplace,1997 Toyota Toyota Kijang,"Tenga, Sulawesi Utara, Indonesia",Rp 52.000.000
Facebook Marketplace,2 Beds 1 Bath - House Manado,Manado,Rp 289.000.000
Facebook Marketplace,Mesin+cuci+2+tabung+ukuran+9.5+kg+politron,"Ratahan, Sulawesi Utara, Indonesia",Rp 950
Facebook Marketplace,Mixer Ashley LM8 8chanel Normal seperti baru minus pakai +harkes Manado,Manado,Rp 1.500.000
Facebook Marketplace,2016 Daihatsu Ayla X Elegant Manual Manado,Manado,Rp 0
Facebook Marketplace,2 Beds 2 Baths - House Manado,Manado,Rp 375.000.000
Facebook Marketplace,"Baru terdaftar Jual cepat ,Perum lnjut kredit Manado",Manado,Rp 35.000.000
Facebook Marketplace,2009 Mitsubishi TS,"Tondano, Sulawesi Utara, Indonesia",Rp 1.234.566
Facebook Marketplace,1 Kamar Tidur 1 Kamar Mandi - Rumah Manado,Manado,Rp 333.000.000
Facebook Marketplace,Iphone 11 Pro Max Manado,Manado,Rp 4.500.000
Facebook Marketplace,Rp 699.000Rp 899.000 B pro 5 camera / mark 11 x Manado,Manado,
Facebook Marketplace,Baru terdaftar Mitsubishi DESTINATOR ULTIMATE 082196782195,"Tateli, Sulawesi Utara, Indonesia",Rp 20.000.000
Facebook Marketplace,Gitar string TAYLOR,"Bitung, Sulawesi Utara, Indonesia",Rp 7
Facebook Marketplace,5 KT 3 KM - Rumah Manado,Manado,Rp 850.000.000
Facebook Marketplace,Baru terdaftar KIJANG ORIGINAL 1996 BPKB STNK,"Sonder, Sulawesi Utara, Indonesia",Rp 27.500.000
Facebook Marketplace,3 KT 2 KM - Rumah Manado,Manado,Rp 30.000.000
Facebook Marketplace,Mcb Manado,Manado,Rp 750.000
Facebook Marketplace,Honda Brio Um 14.770.000 Manado,Manado,Rp 14.770.000
Facebook Marketplace,Studio 3 KM - Manado,Manado,Rp 80
Facebook Marketplace,PS4 original,"Airmadidi, Sulawesi Utara, Indonesia",Rp 3
Facebook Marketplace,mikrotik gr3 Manado,Manado,Rp 70.000
Facebook Marketplace,Js armor Manado,Manado,Rp 400.000
Facebook Marketplace,Baru terdaftar 2018 Honda Beat Manado,Manado,Rp 6.000.000
Facebook Marketplace,25 KT 25 Kamar mandi Kamar saja Manado,Manado,Rp 800.000
Facebook Marketplace,Beat street 2023 STNK mesin standar kelistrikan aman mtr mulus,"Motoling, Sulawesi Utara, Indonesia",Rp 0
Facebook Marketplace,Mouse Gaming Ifox,"Remboken, Sulawesi Utara, Indonesia",Rp 50
Facebook Marketplace,Rp 600.000Rp 800.000 DVR HIKVISION & CCTV HILOOK 2MP (1080p),"Bitung, Sulawesi Utara, Indonesia",
Facebook Marketplace,2003 Honda Supra Fit,"Kombi, Sulawesi Utara, Indonesia",Rp 3.456.789
Facebook Marketplace,1 Bed 1 Bath - House Manado,Manado,Rp 1.800.000
Facebook Marketplace,"motor ATV 110 cm, istimewa jarang pake","Tondano, Sulawesi Utara, Indonesia",Rp 85
Facebook Marketplace,1996 Suzuki Carry Manado,Manado,Rp 29.000.000
Facebook Marketplace,"2015 Daihatsu ""Daihatsu Ayla X Elegan Manual","Tondano, Sulawesi Utara, Indonesia",Rp 22.222.222
Facebook Marketplace,2026 Daihatsu New GranMax Pick Up 1.5 AC PS Manado,Manado,Rp 1.000.000
Facebook Marketplace,dijual buku pelajaran kelas 4 Manado,Manado,Rp 250.000
Facebook Marketplace,2026 Honda Beat,"Tenga, Sulawesi Utara, Indonesia",Rp 1.000.000
Facebook Marketplace,Vixion Lengkap pajak lewat,"Tenga, Sulawesi Utara, Indonesia",Rp 8.700.000
Facebook Marketplace,INSTAX MINI 40 Manado,Manado,Rp 1.100.000
Facebook Marketplace,2 KT 1 Kamar Mandi - Rumah,"Bitung, Sulawesi Utara, Indonesia",Rp 1.500
Facebook Marketplace,2026 Toyota New Rush 1.5 GR Sport Manado,Manado,Rp 5.000.000
Facebook Marketplace,2027 A.P.C Motor Company Wild Card,"Tenga, Sulawesi Utara, Indonesia",Rp 888.888.888
Facebook Marketplace,power 5 channel hollywood audio.cod mitra,"Tombatu, Sulawesi Utara, Indonesia",Rp 123.456
Facebook Marketplace,JUAL SANTAI CANON EOS 1300D Manado,Manado,Rp 5.000.000
Facebook Marketplace,blade lampu bawa minsur rem blakang so kse pindah di tangan mesin aman mines rante anak selain itu a,"Motoling, Sulawesi Utara, Indonesia",Rp 0
Facebook Marketplace,Baru terdaftar 2026 Chery Tiggo 8 CSH,"Tateli, Sulawesi Utara, Indonesia",Rp 5.000.000
Facebook Marketplace,4 KT 4 KM - Rumah Manado,Manado,Rp 7.000.000
Facebook Marketplace,Jual aurox 2019 langkap jalan Pajak minat inbox,"Motoling, Sulawesi Utara, Indonesia",Rp 165
Facebook Marketplace,2005 Suzuki Carry Manado,Manado,Rp 38.000.000
Facebook Marketplace,2001 Mitsubishi Colt,"Bitung, Sulawesi Utara, Indonesia",Rp 22.000.000
Facebook Marketplace,Dijual Headset Lenovo Thinkplus 30 Manado,Manado,Rp 123
Facebook Marketplace,2 KT 1 Kamar Mandi - Rumah Manado,Manado,Rp 4.500.000
Facebook Marketplace,Skuter anak Kota Tomohon,Manado,Rp 123
Facebook Marketplace,3 KT 2 KM - Rumah Manado,Manado,Rp 2.000.000
Facebook Marketplace,1 Kamar Tidur 1 Kamar Mandi - Rumah Manado,Manado,Rp 1.500.000
Facebook Marketplace,Kompresor+,"Likupang, Sulawesi Utara, Indonesia",Rp 1
Facebook Marketplace,RANTANGAN BULANAN/MINGGUAN Manado,Manado,Rp 16
Facebook Marketplace,2 KT 2 KM - Rumah Manado,Manado,Rp 111.111
Facebook Marketplace,Baru terdaftar iPhone 16Pro Max 256Gb Resmi Ibox Pemakaian 3 Bulan Lengkap Notta Pembelian Manado,Manado,Rp 18.500.000
Facebook Marketplace,Koleksi Perangko tua,"Tateli, Sulawesi Utara, Indonesia",Rp 250.000
Facebook Marketplace,Jual Stavol N3000,"Kawangkoan, Sulawesi Utara, Indonesia",Rp 123.458
Facebook Marketplace,Baru terdaftar Tv xiaomi A pro 32 inc,"Kakas, Sulawesi Utara, Indonesia",Rp 1.700
Facebook Marketplace,Rok Putih Plisket Allsize XS Fit M Manado,Manado,Rp 35
Facebook Marketplace,Baru terdaftar Sepeda Lipat,"Kawangkoan, Sulawesi Utara, Indonesia",Rp 700.000
Facebook Marketplace,Gitar Yamaha Manado,Manado,Rp 300
Facebook Marketplace,CBX STNK 2024,"Motoling, Sulawesi Utara, Indonesia",Rp 14
Facebook Marketplace,2012 Nissan Lainnya,"Remboken, Sulawesi Utara, Indonesia",Rp 12.345.678
Facebook Marketplace,Rp 80Rp 120 Kipas gantung Manado,Manado,
Facebook Marketplace,Mic wireless Evercross Manado,Manado,Rp 0
Facebook Marketplace,Bakso prasmanan Kota Tomohon,Manado,Rp 123.456
Facebook Marketplace,Ampli Gitar VOX Pathfinder 10,"Bitung, Sulawesi Utara, Indonesia",Rp 1.500.000
Facebook Marketplace,Stik PS 4 dengan hardisk ps4 Manado,Manado,Rp 800
Facebook Marketplace,Handel rem,"Eris, Sulawesi Utara, Indonesia",Rp 225
Facebook Marketplace,Baru terdaftar vrc racer X sasuke Kota Tomohon,Manado,Rp 500
Facebook Marketplace,Proyektor,"Tateli, Sulawesi Utara, Indonesia",Rp 1.000.000
Facebook Marketplace,NINTENDO SWITCH Manado,Manado,Rp 3.600.000
Facebook Marketplace,Baru terdaftar Instal Windows & Office Manado,Manado,Rp 0
Facebook Marketplace,Hdd external 320gb for ps2 260 game,"Langowan, Sulawesi Utara, Indonesia",Rp 375.000
Facebook Marketplace,Baru terdaftar step prosneling gtr/sonic Manado,Manado,Rp 400
Facebook Marketplace,1 Kamar Tidur 2 KM -,"Tateli, Sulawesi Utara, Indonesia",Rp 5.000.000
Facebook Marketplace,Remot alaram,"Tumpaan, Sulawesi Utara, Indonesia",Rp 0
Facebook Marketplace,TV Samsung DIGITAL 32INCH,"Tateli, Sulawesi Utara, Indonesia",Rp 123
Facebook Marketplace,Rp 550.000Rp 700.000 Potong tehel ukuran 60*60,"Eris, Sulawesi Utara, Indonesia",
Facebook Marketplace,Yamaha CPX 600,"Airmadidi, Sulawesi Utara, Indonesia",Rp 2.400.000
Facebook Marketplace,UNO Card(Kartu UNO) Manado,Manado,Rp 0
Facebook Marketplace,Baru terdaftar Knalpot beat 2019 kabawah Manado,Manado,Rp 100
Facebook Marketplace,Es Manado,Manado,Rp 10
Facebook Marketplace,2026 Honda Beat,"Tenga, Sulawesi Utara, Indonesia",Rp 1.000.000
Facebook Marketplace,Baru terdaftar Cari tv led rusak. Wa 0896396306686 Manado,Manado,Rp 123
Facebook Marketplace,2026 Honda Beat,"Tenga, Sulawesi Utara, Indonesia",Rp 1.000.000
Facebook Marketplace,2015 Honda Brio Manado,Manado,Rp 20.000.000
Facebook Marketplace,Bua,"Langowan, Sulawesi Utara, Indonesia",Rp 1
Facebook Marketplace,Helm ttc,"Remboken, Sulawesi Utara, Indonesia",Rp 900.000
Facebook Marketplace,Baru terdaftar 2025 Daihatsu All New Ayla Manado,Manado,Rp 15.000.000
Facebook Marketplace,2026 Honda Beat,"Tenga, Sulawesi Utara, Indonesia",Rp 1.000.000
Facebook Marketplace,2026 Suzuki Carry Manado,Manado,Rp 15.000.000
Facebook Marketplace,2026 Honda Vario,"Tenga, Sulawesi Utara, Indonesia",Rp 1.000.000
Facebook Marketplace,2026 Daihatsu Gran Max ACPS Manado,Manado,Rp 1.234.567
Facebook Marketplace,2026 Honda Beat,"Tenga, Sulawesi Utara, Indonesia",Rp 1.000.000
Facebook Marketplace,2016 Honda Brio,"Tateli, Sulawesi Utara, Indonesia",Rp 16.000.000
Facebook Marketplace,Acuvue Oasys Contact Lens Per Piece Manado,Manado,Rp 40.000
Facebook Marketplace,Flash game ps2 32gb 28 game,"Langowan, Sulawesi Utara, Indonesia",Rp 175.000
Facebook Marketplace,2026 Suzuki Carry Manado,Manado,Rp 183.500.000
Facebook Marketplace,Motor+,"Tenga, Sulawesi Utara, Indonesia",Rp 14
Facebook Marketplace,BELI PLAYSTATION RUSAK Manado,Manado,Rp 25.000
Facebook Marketplace,Baru terdaftar Gurinda,"Belang, Sulawesi Utara, Indonesia",Rp 200.000
Facebook Marketplace,Baru terdaftar Meja belajar lipat anak motif baru,"Tateli, Sulawesi Utara, Indonesia",Rp 48.000
Facebook Marketplace,2026 Honda Lainnya,"Tenga, Sulawesi Utara, Indonesia",Rp 1.000.000
Facebook Marketplace,Gitar cor Ad 810,"Bitung, Sulawesi Utara, Indonesia",Rp 1.200.000
Facebook Marketplace,2026 Daihatsu NEW AYLA Manado,Manado,Rp 15.000.000
Facebook Marketplace,proliner aerox,"Langowan, Sulawesi Utara, Indonesia",Rp 1.234.567.899
Facebook Marketplace,2026 Honda Beat,"Tenga, Sulawesi Utara, Indonesia",Rp 1.000.000
Facebook Marketplace,2023 Nmax new Terbaru,"Tenga, Sulawesi Utara, Indonesia",Rp 123.456
Facebook Marketplace,2018 Daihatsu Ayla R deluxe Manado,Manado,Rp 123.000.000
Facebook Marketplace,Tower tandon air,"Kawangkoan, Sulawesi Utara, Indonesia",Rp 0
Facebook Marketplace,Komputer Office Manado,Manado,Rp 1
Facebook Marketplace,Paranet 90% Lebar 3 Meter Kualitas Terbaik Untuk Perlindungan Sinar Matahari Kah,"Kakas, Sulawesi Utara, Indonesia",Rp 20.000
Facebook Marketplace,Sepeda listrik rusak,"Airmadidi, Sulawesi Utara, Indonesia",Rp 123
Facebook Marketplace,Ps3,"Remboken, Sulawesi Utara, Indonesia",Rp 1.800.000
Facebook Marketplace,REMOTE RCN3 + BATERI NEO 2,"Remboken, Sulawesi Utara, Indonesia",Rp 3.000.000
Facebook Marketplace,Baru terdaftar Jupiter lengkap Cod minsel,"Tenga, Sulawesi Utara, Indonesia",Rp 111.111
Facebook Marketplace,BOLEN PISANG MANADO CICILIA (BOLEN KHAS BANDUNG) Manado,Manado,Rp 60.000
Facebook Marketplace,2021 DFSK glory Manado,Manado,Rp 110.000.000
Facebook Marketplace,Welpaper dinding sdh dgn perekat,"Bitung, Sulawesi Utara, Indonesia",Rp 0
Facebook Marketplace,1992 Toyota Toyota Kijang Manado,Manado,Rp 0
Facebook Marketplace,Baru terdaftar CRF 2018 LENGKAP SURAT PAJAK OF 1X MESIN STANDAR COD MINSEL,"Tenga, Sulawesi Utara, Indonesia",Rp 19.250.000
Facebook Marketplace,2017 Suzuki APV,"Tateli, Sulawesi Utara, Indonesia",Rp 16.000.000
Facebook Marketplace,MEJA BILLIARD 9FT CUSTOM BARUKLINTING PLUS,"Bitung, Sulawesi Utara, Indonesia",Rp 13.500.000
Facebook Marketplace,Vario 125 STNK bpkb Pajak of 3x Km rendah 40an rbu Cod minsel Siap jalan jauh 14.250.000 nego tpis,"Tenga, Sulawesi Utara, Indonesia",Rp 14.250.000
Facebook Marketplace,Baru terdaftar 2019 Honda Brio,"Kakas, Sulawesi Utara, Indonesia",Rp 170.000.000
Facebook Marketplace,Baru terdaftar Boneka Beranak Promo 17 Agustus Manado,Manado,Rp 4
Facebook Marketplace,1997 Alfa Romeo Giulietta,"Langowan, Sulawesi Utara, Indonesia",Rp 10.000.000
Facebook Marketplace,Box Manado,Manado,Rp 4.000.000
Facebook Marketplace,2017 Honda HR-V,"Tateli, Sulawesi Utara, Indonesia",Rp 20.000.000
Facebook Marketplace,Mesin las Manado,Manado,Rp 600
Facebook Marketplace,SELESAI DULU BARU BAYAR ‼️ Menerima pesanan Se-SULAWESI UTARA 🍭 Anda Ingin Rumah Hunian Anda Terl,"Kakas, Sulawesi Utara, Indonesia",Rp 0
Facebook Marketplace,2026 Mitsubishi Destinator Ultimate Premium Manado,Manado,Rp 49.000.000
Facebook Marketplace,Sewa SoundSystem,"Airmadidi, Sulawesi Utara, Indonesia",Rp 0
Facebook Marketplace,Pom mini digital termurah,"Kawangkoan, Sulawesi Utara, Indonesia",Rp 75
Facebook Marketplace,Velek Manado,Manado,Rp 5.000.000
Facebook Marketplace,Power 5A Basar CT 45 Manado,Manado,Rp 800
Facebook Marketplace,Oppo a60 Manado,Manado,Rp 1.850.000
Facebook Marketplace,AngkuTan bArang Manado,Manado,Rp 50
Facebook Marketplace,2026 BYD M6 DM-I (PHEV) M6 Manado,Manado,Rp 322.300.000
Facebook Marketplace,Baru terdaftar MACAM - MACAM PROCI INTEL TRAY Manado,Manado,Rp 123.456
Facebook Marketplace,hp+rusak,"Airmadidi, Sulawesi Utara, Indonesia",Rp 12.345
Facebook Marketplace,Barang Manado,Manado,Rp 150
Facebook Marketplace,2014 Honda Beat Manado,Manado,Rp 6.500.000
Facebook Marketplace,Baru terdaftar KAIN LAP MICROFIBER Manado,Manado,Rp 10.000
Facebook Marketplace,2026 Mitsubishi Xpander Manado,Manado,Rp 10.000.000
Facebook Marketplace,2026 Mitsubishi L300 Manado,Manado,Rp 12.000.000
Facebook Marketplace,2026 Mitsubishi Xpander Manado,Manado,Rp 12.000.000
Facebook Marketplace,2023 A.P.C Motor Company VARIO 160,"Tondano, Sulawesi Utara, Indonesia",Rp 1.234.567
Facebook Marketplace,Baru terdaftar Juwal PAKET PS4 HEN SERI 12 + TV pnsnic 32 Manado,Manado,Rp 48
Facebook Marketplace,CCTV HIKVISION Manado,Manado,Rp 0
Facebook Marketplace,Baru terdaftar Knalpot Racing Rx King Manado,Manado,Rp 375.000
Facebook Marketplace,GRATIS ONGKIR,"Eris, Sulawesi Utara, Indonesia",Rp 2.555.555
Facebook Marketplace,Baru terdaftar KANTUNG JARING MOBIL Manado,Manado,Rp 15.000
Facebook Marketplace,2 Beds 1 Bath - House,"Airmadidi, Sulawesi Utara, Indonesia",Rp 500.000
Facebook Marketplace,Jual gas 3 kg,"Tateli, Sulawesi Utara, Indonesia",Rp 200
Facebook Marketplace,2018 Toyota Grand New Veloz Manual Istimewah Kota Tomohon,Manado,Rp 123.456.789
Facebook Marketplace,Aerox 2018 STNK bpkb pajak of,"Tenga, Sulawesi Utara, Indonesia",Rp 14.250.000
Facebook Marketplace,PROMO!! Velg Mobil Ring 14 HSR Sebunsuta Buat Calya Agya Ayla Xenia Avanza Brio Sigra dll Manado,Manado,Rp 3.500.000
Facebook Marketplace,Baru terdaftar HEADSET STAND GAMING RGB FANTECH Manado,Manado,Rp 250
Facebook Marketplace,2018 Honda CR-V Kota Tomohon,Manado,Rp 123.456.789
Facebook Marketplace,Baru terdaftar Beat streat 2024,"Tenga, Sulawesi Utara, Indonesia",Rp 160.000.000
Facebook Marketplace,Baru terdaftar Kursi cafe Manado,Manado,Rp 12
Facebook Marketplace,Jual Tanah dan Rumah Kota Tomohon,Manado,Rp 450.000.000
Facebook Marketplace,Baru terdaftar Gerobak cotainer Manado,Manado,Rp 1.234.567
Facebook Marketplace,Baru terdaftar Knalpot Racing YAMAHA F1ZR FORCE FIZ FORCE dan All 2 tak original One racing (COD),"Kawangkoan, Sulawesi Utara, Indonesia",Rp 123.456
Facebook Marketplace,ZOTAC GAMING GeForce RTX 5060 8GB Twin Edge OC GDDR7 - BLACK Manado,Manado,Rp 123
Facebook Marketplace,Baru terdaftar KONEKTOR LAN RJ45 CAT 6 1 PAK ISI 50 PCS Manado,Manado,Rp 80.000
Facebook Marketplace,2 KT 1 Kamar Mandi - Rumah Kota Tomohon,Manado,Rp 1
Facebook Marketplace,2019 Honda CR-V,"Tateli, Sulawesi Utara, Indonesia",Rp 12.346.789
Facebook Marketplace,Rante besi uk 6mm Manado,Manado,Rp 26.000
Facebook Marketplace,2026 Yamaha Matic,"Eris, Sulawesi Utara, Indonesia",Rp 12.345.678
Facebook Marketplace,beli emas Manado,Manado,Rp 123.456.789
Facebook Marketplace,Baru terdaftar SEAT BELT BUCKLE ALARM BUZZER Manado,Manado,Rp 35.000
Facebook Marketplace,CARI PS2 RUSAK,"Tondano, Sulawesi Utara, Indonesia",Rp 0
Facebook Marketplace,Baru terdaftar 2014 Datsun Go+,Manado,Rp 55.000.000
Facebook Marketplace,Baru terdaftar 2018 Daihatsu Ayla X 1.2 Manual Manado,Manado,Rp 115.000.000
Facebook Marketplace,3 KT 2 KM - Rumah Manado,Manado,Rp 70.000.000
Facebook Marketplace,Sambel Cumi Premium Pidis Sadap,"Tateli, Sulawesi Utara, Indonesia",Rp 55.000
Facebook Marketplace,2019 Honda CR-V,"Tateli, Sulawesi Utara, Indonesia",Rp 11.224.455
Facebook Marketplace,Jasah air bersih💦💦✅,"Airmadidi, Sulawesi Utara, Indonesia",Rp 0
Facebook Marketplace,2021 Toyota Toyota Kijang Manado,Manado,Rp 275.000.000
Facebook Marketplace,2020 Honda Cb V3 stnk,"Tenga, Sulawesi Utara, Indonesia",Rp 123
Facebook Marketplace,Baru terdaftar 2021 Suzuki XL7 Manual Manado,Manado,Rp 195
Facebook Marketplace,Jual Tamiya Mini 4WD,"Airmadidi, Sulawesi Utara, Indonesia",Rp 111.111
Facebook Marketplace,Playstation 2 Manado,Manado,Rp 550.000
Facebook Marketplace,Baru terdaftar 2014 Daihatsu Xenia X 1.3 manual 2013 pk 2014,"Tateli, Sulawesi Utara, Indonesia",Rp 110.000.000
Facebook Marketplace,Beat 2021 STNK bpkb,"Tenga, Sulawesi Utara, Indonesia",Rp 11.750.000
Facebook Marketplace,Gadai/titip barang Manado,Manado,Rp 12.999
Facebook Marketplace,2020 Honda Metik Manado,Manado,Rp 999.999.999
Facebook Marketplace,Yamaha,Manado,Rp 300
Facebook Marketplace,2 KT 2 KM - Rumah,"Airmadidi, Sulawesi Utara, Indonesia",Rp 2.350.000
Facebook Marketplace,Baru terdaftar 6jt cari metik lngkp surat Kota Tomohon,Manado,Rp 6
Facebook Marketplace,Pcgame labtop instaln winOS Manado,Manado,Rp 21
Facebook Marketplace,Baru terdaftar Rp 1Rp 123 Cpu komputer Manado,Manado,
Facebook Marketplace,Tv LG 32 inc,"Remboken, Sulawesi Utara, Indonesia",Rp 12
Facebook Marketplace,MITSUBISHI DESTINATOR ULTIMATE PREMIUM HUB 082156007065 Manado,Manado,Rp 562.000.000
Facebook Marketplace,Celana cutbray wanita,"Bitung, Sulawesi Utara, Indonesia",Rp 135.000
Facebook Marketplace,MITSUBISHI XPANDER CROSS HUB 082156007065,"Bitung, Sulawesi Utara, Indonesia",Rp 437.900.000
Facebook Marketplace,"Baru terdaftar Sofa masih baru sx,gorden mewah,meja rias kayu mahal,kursi taman atau rmh mkn.. Kota Tomohon",Manado,Rp 123
Facebook Marketplace,4 KT 2 KM - Rumah Manado,Manado,Rp 38.000.000
Facebook Marketplace,Wifi IndiHome murah Manado,Manado,Rp 99
Facebook Marketplace,4 KT 2 KM - Rumah Manado,Manado,Rp 27
Facebook Marketplace,2 KT 1 Kamar Mandi - Rumah Manado,Manado,Rp 35
Facebook Marketplace,Papan Shoe,"Bitung, Sulawesi Utara, Indonesia",Rp 13.000
Facebook Marketplace,3 Beds 2 Baths - House Manado,Manado,Rp 600.000.000
Facebook Marketplace,Knalpot CRF Manado,Manado,Rp 600
Facebook Marketplace,Baru terdaftar Sepeda listrik,"Tenga, Sulawesi Utara, Indonesia",Rp 2
Facebook Marketplace,Vario 125 Led New Manado,Manado,Rp 123.456.789
Facebook Marketplace,Scoopy Fashion Stnk Pmkyan 2025,"Motoling, Sulawesi Utara, Indonesia",Rp 9.999.999.999
Facebook Marketplace,Bead cbs,"Tombatu, Sulawesi Utara, Indonesia",Rp 999
Facebook Marketplace,Rp 1.900.000Rp 3.500.000 Pindah tugas jual barang rumah,"Airmadidi, Sulawesi Utara, Indonesia",
Facebook Marketplace,Di kontrakan Kota Tomohon,Manado,Rp 5.000.000
Facebook Marketplace,Baru terdaftar Rumah malalayang disewakan per tahun 20jt Manado,Manado,Rp 20.000.000
Facebook Marketplace,Baru terdaftar 2022 A.P.C Motor Company Mati,"Bitung, Sulawesi Utara, Indonesia",Rp 15.000.000
Facebook Marketplace,Dress maroon cantik Manado,Manado,Rp 299.000
Facebook Marketplace,MITSUBISHI New PAJERO SPORT DAKAR SERIES MY26 082396233750 Kota Tomohon,Manado,Rp 18.000.000
Facebook Marketplace,PUSAT GROSIR SENTER KEPALA ORIGINAL MANADO | Toko Takasemurah Grosir Manado,Manado,Rp 27.500
Facebook Marketplace,panggal beat,"Likupang, Sulawesi Utara, Indonesia",Rp 99.999
Facebook Marketplace,Baru terdaftar 2020 Jupe Gtx,"Tenga, Sulawesi Utara, Indonesia",Rp 70.000
Facebook Marketplace,Baru terdaftar jual konfor rinai turbo RI-712T Kota Tomohon,Manado,Rp 550.000
Facebook Marketplace,2024 TOYOTA RUSH GR SPORT MATIC Manado,Manado,Rp 123.456.789
Facebook Marketplace,2003 Daihatsu Taruna grande 1.5 Efi,"Tondano, Sulawesi Utara, Indonesia",Rp 37.500.000
Facebook Marketplace,MITSUBISHI New XPANDER EXCEED TOURER SERIES 082396233750 Manado,Manado,Rp 356.600.000
Facebook Marketplace,MITSUBISHI New DESTINATOR ULTIMATE PREMIUM MY26 SERIES 082396233750 Manado,Manado,Rp 50.000.000
Facebook Marketplace,MITSUBISHI New XPANDER ULTIMATE CVT SERIES MY26,"Amurang, Sulawesi Utara, Indonesia",Rp 409.800.000
Facebook Marketplace,IPHONE 13 128GB IBOX Manado,Manado,Rp 75
Facebook Marketplace,Tas elle Manado,Manado,Rp 123
Facebook Marketplace,Baru terdaftar Perabotan,"Bitung, Sulawesi Utara, Indonesia",Rp 35
Facebook Marketplace,Headset Gaming QKZ AK6 Manado,Manado,Rp 75
Facebook Marketplace,PROMO SPESIAL TRITON SC HDX 4X4 BISA CASH/CREDIT BERKAS DI BANTU SAMPAI UNTI KELUAR😍 Manado,Manado,Rp 8
Facebook Marketplace,Baru terdaftar Lilin led Manado,Manado,Rp 5.000
Facebook Marketplace,1 Kamar Tidur 1 Kamar Mandi - Manado,Manado,Rp 3.400.000.000
Facebook Marketplace,Iphone 13 128GB Fullset Manado,Manado,Rp 5
Facebook Marketplace,Tenda Kerucut 3×3m Manado,Manado,Rp 350.000
Facebook Marketplace,"Baru terdaftar STYLE, SONG, VOICE & PENDUKUNG ROHANI LENGKAP UNTUK KEYBOARD PIANO YAMAHA ALL SERIES TERBARU Kota Tomohon",Manado,Rp 10
Facebook Marketplace,Wifi IndiHome murah Manado,Manado,Rp 99
Facebook Marketplace,Baru terdaftar READY MESIN CETAK BAKSO Low Watt 370W,"Tombatu, Sulawesi Utara, Indonesia",Rp 49
Facebook Marketplace,Wifi IndiHome murah Manado,Manado,Rp 99
Facebook Marketplace,Baru terdaftar Best Seller Mesin Cetak Bakso Mini T70,"Bitung, Sulawesi Utara, Indonesia",Rp 49
Facebook Marketplace,Baru terdaftar jamu Manado,Manado,Rp 10
Facebook Marketplace,Wifi IndiHome murah,"Airmadidi, Sulawesi Utara, Indonesia",Rp 99
Facebook Marketplace,Baru terdaftar PROMO TERMURAH👌👌BRANKAS BESAR TEMPAT DOKUMEN.UANG DAN BARANG BERHARGA GRATIS ONGKIR Kota Tomohon,Manado,Rp 1.200
Facebook Marketplace,KANTOR ADIRA TOMOHON Kota Tomohon,Manado,Rp 70.000
Facebook Marketplace,Baru terdaftar Rasfur cream Manado,Manado,Rp 150
Facebook Marketplace,velg motor crf wr klx,"Kakas, Sulawesi Utara, Indonesia",Rp 1.800
Facebook Marketplace,"Baru terdaftar RX-KING Tahun 2002 Surat""Lengkap Kota Tomohon",Manado,Rp 4.500.000
Facebook Marketplace,2000 Suzuki Carry Kota Tomohon,Manado,Rp 25.000.000
Facebook Marketplace,ready ban forceum digon l/t 175 r13 harga terjangkau Manado,Manado,Rp 5.555
Facebook Marketplace,Crop choker chain wash kucing Manado,Manado,Rp 185
Facebook Marketplace,Knalpot PCX new Manado,Manado,Rp 600
Facebook Marketplace,Baru terdaftar Alat fitness Home gym 4 Sisi Kota Tomohon,Manado,Rp 999
Facebook Marketplace,PROMO!! Velg Mobil Ring 14 HSR Sebunsuta Buat Brio Agya Ayla Xenia Jazz dll Kota Tomohon,Manado,Rp 3.500.000
Facebook Marketplace,Baru terdaftar PC Gaming FULL SET Manado,Manado,Rp 123
Facebook Marketplace,Baru terdaftar Mesin tempel 3pk dan perahu karet panjang 3m Manado,Manado,Rp 2.000.000
Facebook Marketplace,Baru terdaftar Kue ultah Manado,Manado,Rp 123
Facebook Marketplace,2027 Y Y,Manado,Rp 234
Facebook Marketplace,2026 (Baru) Excavator LONKING CDM6225 21.800 Kg Terjamin Kualitasnya,"Bitung, Sulawesi Utara, Indonesia",Rp 0
Facebook Marketplace,Studio 1 Bath - Apartment Manado,Manado,Rp 123.456
Facebook Marketplace,1 KT 1 Kamar Mandi Kamar saja,"Bitung, Sulawesi Utara, Indonesia",Rp 199.000
Facebook Marketplace,Bead tipe terbaru 2025/11 STNK kunci 2 plat asli,"Tombatu, Sulawesi Utara, Indonesia",Rp 0
Facebook Marketplace,Baru terdaftar Cari teripang cumi kering dan sarang walet Makassar,Manado,Rp 12.345
Facebook Marketplace,Tembak telinga,"Bitung, Sulawesi Utara, Indonesia",Rp 1.234
Facebook Marketplace,2024 Honda WRV Manado,Manado,Rp 265.000.000
Facebook Marketplace,Xenia STNK 2009 26jt bole tukar tamba,"Remboken, Sulawesi Utara, Indonesia",Rp 0
